stage,case_id,variant,family,collision,goal_reached,mission_outcome,goal_time_s,north_progress_m,goal_distance_reduction_m,path_length_m,pass_through_rate,mean_steering_modification_rad,budget_unknown_fraction,no_witness_fraction
R05_closed,crossing_000,limited_exhaustive,crossing,True,,,,9.289627083806003,,9.416172736301148,0.25531914893617025,0.05416438707495994,0.6276595744680851,0.14893617021276595
R05_closed,crossing_000,limited_short,crossing,True,,,,9.341558445798995,,9.49867114316386,0.3052631578947368,0.05348530057623102,0.5684210526315789,0.14736842105263157
R05_closed,crossing_001,limited_exhaustive,crossing,True,,,,9.400654077407939,,9.5695048095735,0.29702970297029707,0.047994254691365396,0.6039603960396039,0.12871287128712872
R05_closed,crossing_001,limited_short,crossing,True,,,,9.389622698648207,,9.566474924940396,0.3168316831683168,0.047956644010356826,0.5742574257425742,0.12871287128712872
R05_closed,crossing_002,limited_exhaustive,crossing,False,,,,14.359720147530334,,23.413458755247003,0.31999999999999995,0.06065871755660874,0.475,0.225
R05_closed,crossing_002,limited_short,crossing,False,,,,4.615758045382979,,21.86780327906992,0.855,0.00018919785536987112,0.145,0.0
R05_closed,crossing_003,limited_exhaustive,crossing,True,,,,10.777962481300511,,11.673528835718352,0.30841121495327106,0.06427155705473252,0.5420560747663551,0.17757009345794392
R05_closed,crossing_003,limited_short,crossing,True,,,,11.08859888320413,,13.464414258141757,0.3779527559055118,0.13226722742976485,0.3464566929133858,0.29133858267716534
R05_closed,crossing_004,limited_exhaustive,crossing,True,,,,8.191419056377248,,8.213321279289639,0.15000000000000002,0.05194989398391647,0.7375,0.15
R05_closed,crossing_004,limited_short,crossing,True,,,,8.187444879033924,,8.211792899818043,0.17500000000000004,0.051867011315062606,0.7,0.15
R05_closed,crossing_005,limited_exhaustive,crossing,True,,,,8.814762052329094,,8.9421254523641,0.40476190476190477,0.06068281085005549,0.4642857142857143,0.16666666666666666
R05_closed,crossing_005,limited_short,crossing,True,,,,8.814762052329094,,8.9421254523641,0.40476190476190477,0.06068281085005549,0.4523809523809524,0.16666666666666666
R05_closed,crossing_006,limited_exhaustive,crossing,True,,,,8.832341363139898,,8.909578112152223,0.17894736842105263,0.049572191061637766,0.7157894736842105,0.1368421052631579
R05_closed,crossing_006,limited_short,crossing,True,,,,8.893214711416524,,8.99152869321338,0.22916666666666663,0.0517896558684437,0.6458333333333334,0.14583333333333334
R05_closed,crossing_007,limited_exhaustive,crossing,False,,,,4.935173891026019,,20.57259937329569,0.5,0.0010471513715747884,0.505,0.0
R05_closed,crossing_007,limited_short,crossing,False,,,,4.125533130974318,,20.47202809333182,0.985,3.160857986536656e-06,0.015,0.0
R05_closed,crossing_008,limited_exhaustive,crossing,False,,,,9.364125016788172,,18.729361851755264,0.19999999999999996,0.053592089852722846,0.515,0.355
R05_closed,crossing_008,limited_short,crossing,False,,,,6.525789041750252,,18.390987427082965,0.43000000000000005,0.028793342201700697,0.505,0.07
R05_closed,crossing_009,limited_exhaustive,crossing,False,,,,5.160065705149315,,20.9542883284886,0.22499999999999998,0.0038246591985783324,0.78,0.0
R05_closed,crossing_009,limited_short,crossing,False,,,,4.278096297749692,,20.888761202942796,0.94,2.574026819629923e-05,0.06,0.0
R05_closed,late_high_throttle_000,limited_exhaustive,late_high_throttle,True,,,,5.32904670859415,,5.329792687731546,0.11111111111111116,0.06139430619088605,0.6388888888888888,0.25
R05_closed,late_high_throttle_000,limited_short,late_high_throttle,True,,,,5.32904670859415,,5.329792687731546,0.11111111111111116,0.06139430619088605,0.6388888888888888,0.25
R05_closed,late_high_throttle_001,limited_exhaustive,late_high_throttle,True,,,,6.3215709026142735,,6.32295503484547,0.25,0.0611450127623272,0.55,0.2
R05_closed,late_high_throttle_001,limited_short,late_high_throttle,True,,,,6.3215709026142735,,6.32295503484547,0.25,0.0611450127623272,0.55,0.2
R05_closed,late_high_throttle_002,limited_exhaustive,late_high_throttle,True,,,,4.762998566346595,,4.763434423722271,0.09999999999999998,0.06416574752389413,0.6,0.3
R05_closed,late_high_throttle_002,limited_short,late_high_throttle,True,,,,4.762998566346595,,4.763434423722271,0.09999999999999998,0.06416574752389413,0.6,0.3
R05_closed,late_high_throttle_003,limited_exhaustive,late_high_throttle,True,,,,5.286013799454832,,5.2943008757687435,0.08823529411764708,0.08788500596528492,0.6470588235294118,0.2647058823529412
R05_closed,late_high_throttle_003,limited_short,late_high_throttle,True,,,,5.286013799454832,,5.2943008757687435,0.08823529411764708,0.08788500596528492,0.6470588235294118,0.2647058823529412
R05_closed,late_high_throttle_004,limited_exhaustive,late_high_throttle,True,,,,6.415871875002629,,6.416758116517334,0.26190476190476186,0.04050617229873797,0.5,0.23809523809523808
R05_closed,late_high_throttle_004,limited_short,late_high_throttle,True,,,,6.415871875002629,,6.416758116517334,0.26190476190476186,0.04050617229873797,0.5,0.23809523809523808
R05_closed,late_high_throttle_005,limited_exhaustive,late_high_throttle,True,,,,4.728385569823438,,4.729346645234659,0.0625,0.06279204442532024,0.6875,0.28125
R05_closed,late_high_throttle_005,limited_short,late_high_throttle,True,,,,4.728385569823438,,4.729346645234659,0.0625,0.06279204442532024,0.6875,0.28125
R05_closed,late_high_throttle_006,limited_exhaustive,late_high_throttle,True,,,,4.016081402740027,,4.018264467715195,0.040000000000000036,0.08014603641869758,0.64,0.36
R05_closed,late_high_throttle_006,limited_short,late_high_throttle,True,,,,4.016081402740027,,4.018264467715195,0.040000000000000036,0.08014603641869758,0.64,0.36
R05_closed,late_high_throttle_007,limited_exhaustive,late_high_throttle,True,,,,4.0291489201899875,,4.029196250314118,0.0714285714285714,0.0814370581032919,0.6428571428571429,0.35714285714285715
R05_closed,late_high_throttle_007,limited_short,late_high_throttle,True,,,,4.0291489201899875,,4.029196250314118,0.0714285714285714,0.0814370581032919,0.6428571428571429,0.35714285714285715
R05_closed,late_high_throttle_008,limited_exhaustive,late_high_throttle,True,,,,4.8996151750416725,,4.901707796148504,0.12121212121212122,0.05198678924440918,0.6363636363636364,0.24242424242424243
R05_closed,late_high_throttle_008,limited_short,late_high_throttle,True,,,,4.8996151750416725,,4.901707796148504,0.12121212121212122,0.05198678924440918,0.6363636363636364,0.24242424242424243
R05_closed,late_high_throttle_009,limited_exhaustive,late_high_throttle,True,,,,5.770594607339727,,5.773461637775023,0.13157894736842102,0.042046968369113126,0.6842105263157895,0.23684210526315788
R05_closed,late_high_throttle_009,limited_short,late_high_throttle,True,,,,5.770594607339727,,5.773461637775023,0.13157894736842102,0.042046968369113126,0.6842105263157895,0.23684210526315788
R05_closed,static_000,limited_exhaustive,static,False,,,,6.068388659620533,,18.793030446918323,0.28500000000000003,0.006242018224046234,0.72,0.0
R05_closed,static_000,limited_short,static,False,,,,5.781948563162514,,18.843876902856103,0.835,0.00015154175646424586,0.165,0.0
R05_closed,static_001,limited_exhaustive,static,False,,,,15.328008214070094,,19.04766278324141,0.53,0.08304609216261363,0.43,0.04
R05_closed,static_001,limited_short,static,False,,,,4.998321361114626,,19.44472172587621,0.98,3.536599727421985e-06,0.02,0.0
R05_closed,static_002,limited_exhaustive,static,False,,,,19.362909524734924,,22.08431718776619,0.20999999999999996,0.03755061402247868,0.65,0.185
R05_closed,static_002,limited_short,static,False,,,,15.82342718031133,,21.724561251457935,0.72,0.04060335556185956,0.135,0.16
R05_closed,static_003,limited_exhaustive,static,False,,,,17.9290103105411,,20.97700393764119,0.14500000000000002,0.048519198666840124,0.7,0.17
R05_closed,static_003,limited_short,static,False,,,,12.805763256267639,,20.518481268206468,0.725,0.03746828842957293,0.175,0.11
R05_closed,static_004,limited_exhaustive,static,False,,,,17.814119303348065,,20.06452166018211,0.16000000000000003,0.052139942489854235,0.68,0.175
R05_closed,static_004,limited_short,static,False,,,,5.163339231509305,,18.963857445055837,0.89,0.0005858321400388469,0.105,0.0
R05_closed,static_005,limited_exhaustive,static,False,,,,15.272708815657527,,17.691746134349373,0.28,0.0963971533168143,0.705,0.02
R05_closed,static_005,limited_short,static,False,,,,6.966824547315992,,18.04954270789128,0.955,3.8021488934772234e-05,0.045,0.0
R05_closed,static_006,limited_exhaustive,static,True,,,,8.256385406627038,,8.291139638909835,0.2471910112359551,0.056897535268600315,0.6179775280898876,0.16853932584269662
R05_closed,static_006,limited_short,static,False,,,,18.027546233185333,,18.608624268249017,0.62,0.0321397912633764,0.215,0.215
R05_closed,static_007,limited_exhaustive,static,True,,,,7.104366498531073,,7.115435196880239,0.33870967741935487,0.06658294103325482,0.5,0.1935483870967742
R05_closed,static_007,limited_short,static,True,,,,7.104366498531073,,7.115435196880239,0.33870967741935487,0.06658294103325482,0.5,0.1935483870967742
R05_closed,static_008,limited_exhaustive,static,True,,,,8.036643700025675,,8.098969055780994,0.4155844155844156,0.059014493993922126,0.45454545454545453,0.16883116883116883
R05_closed,static_008,limited_short,static,True,,,,8.03359019628422,,8.097995995465126,0.4285714285714286,0.059098418942167906,0.42857142857142855,0.16883116883116883
R05_closed,static_009,limited_exhaustive,static,True,,,,7.165123165106864,,7.176729252780667,0.24691358024691357,0.049656286150397654,0.6296296296296297,0.16049382716049382
R05_closed,static_009,limited_short,static,True,,,,7.160262061900709,,7.1749727819237625,0.308641975308642,0.04863431960980925,0.5555555555555556,0.16049382716049382
R06,head_on_000,constrained,head_on,False,,,,-10.511102231215913,,25.356728641814872,0.712,0.08419595916597163,0.0,0.208
R06,head_on_000,constrained_short,head_on,False,,,,-10.511102231215913,,25.356728641814872,0.712,0.08419595916597163,0.0,0.208
R06,head_on_000,hypothetical,head_on,False,,,,-7.213756894222486,,25.031785277996885,0.716,0.06812158377297868,0.0,0.176
R06,head_on_001,constrained,head_on,False,,,,-8.144342232928912,,32.480947276619894,0.624,0.13335035579049176,0.0,0.24
R06,head_on_001,constrained_short,head_on,False,,,,-8.144342232928912,,32.480947276619894,0.624,0.13335035579049176,0.0,0.24
R06,head_on_001,hypothetical,head_on,False,,,,-9.234410156213558,,33.39511892022105,0.548,0.11909104057033311,0.0,0.252
R06,head_on_002,constrained,head_on,False,,,,-1.7703042487639742,,31.69129635878675,0.652,0.09897849565725103,0.0,0.216
R06,head_on_002,constrained_short,head_on,False,,,,-1.7703042487639742,,31.69129635878675,0.652,0.09897849565725103,0.0,0.216
R06,head_on_002,hypothetical,head_on,False,,,,-2.436407731431519,,31.229020007157317,0.74,0.06577723967927,0.0,0.156
R06,head_on_003,constrained,head_on,False,,,,7.627421523354682,,32.19243299414585,0.832,0.07633591799069564,0.0,0.176
R06,head_on_003,constrained_short,head_on,False,,,,7.627421523354682,,32.19243299414585,0.832,0.07633591799069564,0.0,0.176
R06,head_on_003,hypothetical,head_on,False,,,,6.219146543791213,,33.20492496276099,0.788,0.07234364204142205,0.0,0.216
R06,head_on_004,constrained,head_on,True,,,,-6.322963152087416,,19.249640250392083,0.4493670886075949,0.18410630006891684,0.0,0.5379746835443038
R06,head_on_004,constrained_short,head_on,True,,,,-6.322963152087416,,19.249640250392083,0.4493670886075949,0.18410630006891684,0.0,0.5379746835443038
R06,head_on_004,hypothetical,head_on,False,,,,-0.9078399665955406,,28.98578869031444,0.856,0.04743459723283284,0.0,0.124
R06,head_on_005,constrained,head_on,False,,,,6.319980461680286,,25.132508844335867,0.732,0.09917549901789201,0.0,0.264
R06,head_on_005,constrained_short,head_on,False,,,,6.319980461680286,,25.132508844335867,0.732,0.09917549901789201,0.0,0.264
R06,head_on_005,hypothetical,head_on,False,,,,5.966142687207891,,25.325093011996575,0.76,0.08836561104128335,0.0,0.24
R06,head_on_006,constrained,head_on,False,,,,-6.987618699166768,,24.734903919711037,0.6639999999999999,0.10685436464179487,0.0,0.308
R06,head_on_006,constrained_short,head_on,False,,,,-6.987618699166768,,24.734903919711037,0.6639999999999999,0.10685436464179487,0.0,0.308
R06,head_on_006,hypothetical,head_on,True,,,,5.689705196264927,,5.730777285246817,0.0980392156862745,0.2970270968313286,0.0,0.9411764705882353
R06,head_on_007,constrained,head_on,False,,,,-0.979359258456455,,30.492181492887998,0.86,0.059654402360771276,0.0,0.144
R06,head_on_007,constrained_short,head_on,False,,,,-0.979359258456455,,30.492181492887998,0.86,0.059654402360771276,0.0,0.144
R06,head_on_007,hypothetical,head_on,True,,,,5.543194792309223,,5.552865066244555,0.10526315789473684,0.2612128906869844,0.0,0.9473684210526315
R06,head_on_008,constrained,head_on,False,,,,-8.80807193644777,,24.488566050727375,0.732,0.10723561100480077,0.0,0.248
R06,head_on_008,constrained_short,head_on,False,,,,-8.80807193644777,,24.488566050727375,0.732,0.10723561100480077,0.0,0.248
R06,head_on_008,hypothetical,head_on,False,,,,3.3910577770466555,,23.726348468182362,0.644,0.12244890249061767,0.0,0.336
R06,head_on_009,constrained,head_on,False,,,,5.185502906760505,,22.363531462789737,0.644,0.15647797580560166,0.0,0.372
R06,head_on_009,constrained_short,head_on,False,,,,5.185502906760505,,22.363531462789737,0.644,0.15647797580560166,0.0,0.372
R06,head_on_009,hypothetical,head_on,True,,,,3.8314974771106116,,3.8658754887905653,0.07499999999999996,0.34097341527425645,0.0,0.975
R06,head_on_010,constrained,head_on,False,,,,4.233964467076478,,24.4424451847089,0.8,0.09798461713541276,0.0,0.208
R06,head_on_010,constrained_short,head_on,False,,,,4.233964467076478,,24.4424451847089,0.8,0.09798461713541276,0.0,0.208
R06,head_on_010,hypothetical,head_on,False,,,,3.994897442238072,,25.425394688556935,0.804,0.08514172977128248,0.0,0.216
R06,head_on_011,constrained,head_on,False,,,,1.778763021306803,,24.65614024626376,0.832,0.07286250465555928,0.0,0.176
R06,head_on_011,constrained_short,head_on,False,,,,1.778763021306803,,24.65614024626376,0.832,0.07286250465555928,0.0,0.176
R06,head_on_011,hypothetical,head_on,False,,,,3.6613800990115006,,25.52353902811719,0.836,0.05433627734134989,0.0,0.164
R06,head_on_012,constrained,head_on,False,,,,-9.413582161359685,,27.069458864044446,0.688,0.07820008162921621,0.0,0.152
R06,head_on_012,constrained_short,head_on,False,,,,-9.413582161359685,,27.069458864044446,0.688,0.07820008162921621,0.0,0.152
R06,head_on_012,hypothetical,head_on,False,,,,-1.4181032951143262,,26.949147262804523,0.6839999999999999,0.11257416208471081,0.0,0.292
R06,head_on_013,constrained,head_on,False,,,,-2.9990262707116155,,28.795474309926874,0.78,0.09083755723770243,0.0,0.208
R06,head_on_013,constrained_short,head_on,False,,,,-2.9990262707116155,,28.795474309926874,0.78,0.09083755723770243,0.0,0.208
R06,head_on_013,hypothetical,head_on,False,,,,0.3057877236798259,,28.521907014366,0.892,0.03670119543915157,0.0,0.108
R06,head_on_014,constrained,head_on,False,,,,-10.815253631365138,,24.08848410840635,0.636,0.1315506870743779,0.0,0.336
R06,head_on_014,constrained_short,head_on,False,,,,-10.815253631365138,,24.08848410840635,0.636,0.1315506870743779,0.0,0.336
R06,head_on_014,hypothetical,head_on,False,,,,4.200168408006654,,23.449789924536386,0.8240000000000001,0.045760491357864926,0.0,0.14
R06,head_on_015,constrained,head_on,False,,,,-1.3556058642265043,,30.840241916314607,0.636,0.08860711611985306,0.0,0.192
R06,head_on_015,constrained_short,head_on,False,,,,-1.3556058642265043,,30.840241916314607,0.636,0.08860711611985306,0.0,0.192
R06,head_on_015,hypothetical,head_on,False,,,,-11.946885851272683,,32.25822591520871,0.5720000000000001,0.07959175555407916,0.0,0.26
R06,head_on_016,constrained,head_on,False,,,,-4.927649930404376,,26.87394823978978,0.792,0.07179520730254349,0.0,0.168
R06,head_on_016,constrained_short,head_on,False,,,,-4.927649930404376,,26.87394823978978,0.792,0.07179520730254349,0.0,0.168
R06,head_on_016,hypothetical,head_on,False,,,,0.8703176738041822,,25.69954966228838,0.784,0.07037370869687955,0.0,0.176
R06,head_on_017,constrained,head_on,False,,,,6.089777584832292,,26.195460504134118,0.788,0.09136439742031124,0.0,0.208
R06,head_on_017,constrained_short,head_on,False,,,,6.089777584832292,,26.195460504134118,0.788,0.09136439742031124,0.0,0.208
R06,head_on_017,hypothetical,head_on,False,,,,4.832384058848305,,26.987217151866236,0.772,0.08978152858644765,0.0,0.248
R06,head_on_018,constrained,head_on,False,,,,-8.811869453510642,,23.066235046145884,0.748,0.1006256963765079,0.0,0.232
R06,head_on_018,constrained_short,head_on,False,,,,-8.811869453510642,,23.066235046145884,0.748,0.1006256963765079,0.0,0.232
R06,head_on_018,hypothetical,head_on,True,,,,-5.306747619948853,,21.71952774167878,0.5407725321888412,0.1415475171041817,0.0,0.45493562231759654
R06,head_on_019,constrained,head_on,False,,,,6.419386743275964,,26.82332315443894,0.8200000000000001,0.08057456694394376,0.0,0.192
R06,head_on_019,constrained_short,head_on,False,,,,6.419386743275964,,26.82332315443894,0.8200000000000001,0.08057456694394376,0.0,0.192
R06,head_on_019,hypothetical,head_on,True,,,,4.363638440476305,,4.365855252455429,0.06060606060606055,0.24667830544138605,0.0,0.9696969696969697
R06,late_static_000,constrained,late_static,True,,,,2.42406029360237,,2.427656248551189,0.1333333333333333,0.31594183414271626,0.0,1.0
R06,late_static_000,constrained_short,late_static,True,,,,2.42406029360237,,2.427656248551189,0.1333333333333333,0.31594183414271626,0.0,1.0
R06,late_static_000,hypothetical,late_static,True,,,,2.3882031466588622,,2.397215259364101,0.06666666666666665,0.3797295263823876,0.0,1.0
R06,late_static_001,constrained,late_static,True,,,,2.219241040830318,,2.2210628410896063,0.07692307692307687,0.12643029672324665,0.0,1.0
R06,late_static_001,constrained_short,late_static,True,,,,2.219241040830318,,2.2210628410896063,0.07692307692307687,0.12643029672324665,0.0,1.0
R06,late_static_001,hypothetical,late_static,True,,,,2.2193603354200624,,2.2210984063891366,0.0,0.16401515984357257,0.0,1.0
R06,late_static_002,constrained,late_static,True,,,,2.5080153020357505,,2.5086618589559238,0.0714285714285714,0.13569943767062595,0.0,1.0
R06,late_static_002,constrained_short,late_static,True,,,,2.5080153020357505,,2.5086618589559238,0.0714285714285714,0.13569943767062595,0.0,1.0
R06,late_static_002,hypothetical,late_static,True,,,,2.507980150988213,,2.5085519141150168,0.0714285714285714,0.1719101875292873,0.0,1.0
R06,late_static_003,constrained,late_static,True,,,,2.9833576360004908,,2.9849607221227736,0.0,0.2997651564791398,0.0,1.0
R06,late_static_003,constrained_short,late_static,True,,,,2.9833576360004908,,2.9849607221227736,0.0,0.2997651564791398,0.0,1.0
R06,late_static_003,hypothetical,late_static,True,,,,3.129274384073473,,3.1341293403272963,0.05555555555555558,0.3183040541355738,0.0,1.0
R06,late_static_004,constrained,late_static,True,,,,2.1740357334378873,,2.1748894288253044,0.23076923076923073,0.13403941003545386,0.0,1.0
R06,late_static_004,constrained_short,late_static,True,,,,2.1740357334378873,,2.1748894288253044,0.23076923076923073,0.13403941003545386,0.0,1.0
R06,late_static_004,hypothetical,late_static,True,,,,2.1743150242663827,,2.175131267672314,0.07692307692307687,0.1772253764033063,0.0,1.0
R06,late_static_005,constrained,late_static,True,,,,2.4049977564027474,,2.4104441788935342,0.0714285714285714,0.13996772981799516,0.0,1.0
R06,late_static_005,constrained_short,late_static,True,,,,2.4049977564027474,,2.4104441788935342,0.0714285714285714,0.13996772981799516,0.0,1.0
R06,late_static_005,hypothetical,late_static,True,,,,2.4047457769606897,,2.4102863268582406,0.0,0.17149868079466682,0.0,1.0
R06,late_static_006,constrained,late_static,True,,,,2.933293187674789,,2.934814408840223,0.05882352941176472,0.2672936709710072,0.0,1.0
R06,late_static_006,constrained_short,late_static,True,,,,2.933293187674789,,2.934814408840223,0.05882352941176472,0.2672936709710072,0.0,1.0
R06,late_static_006,hypothetical,late_static,True,,,,2.943367501164981,,2.943594399105959,0.0,0.20751644078554768,0.0,1.0
R06,late_static_007,constrained,late_static,True,,,,2.4216107447065705,,2.4298880253725823,0.1333333333333333,0.31004959090591655,0.0,1.0
R06,late_static_007,constrained_short,late_static,True,,,,2.4216107447065705,,2.4298880253725823,0.1333333333333333,0.31004959090591655,0.0,1.0
R06,late_static_007,hypothetical,late_static,True,,,,2.4026097510301794,,2.414559899105492,0.06666666666666665,0.40472430362894457,0.0,1.0
R06,late_static_008,constrained,late_static,True,,,,2.4230291886421353,,2.4256444284330874,0.1333333333333333,0.21163845413319304,0.0,1.0
R06,late_static_008,constrained_short,late_static,True,,,,2.4230291886421353,,2.4256444284330874,0.1333333333333333,0.21163845413319304,0.0,1.0
R06,late_static_008,hypothetical,late_static,True,,,,2.426469182704916,,2.428370540255394,0.0,0.15909123259387395,0.0,1.0
R06,late_static_009,constrained,late_static,True,,,,3.139380933091521,,3.1430530061025577,0.4117647058823529,0.11306838111771829,0.0,1.0
R06,late_static_009,constrained_short,late_static,True,,,,3.139380933091521,,3.1430530061025577,0.4117647058823529,0.11306838111771829,0.0,1.0
R06,late_static_009,hypothetical,late_static,True,,,,3.13799905236308,,3.1424794839282146,0.17647058823529416,0.14911371086155478,0.0,1.0
R06,late_static_010,constrained,late_static,True,,,,2.9672994316407095,,2.9700031946411927,0.05882352941176472,0.3058667058791367,0.0,1.0
R06,late_static_010,constrained_short,late_static,True,,,,2.9672994316407095,,2.9700031946411927,0.05882352941176472,0.3058667058791367,0.0,1.0
R06,late_static_010,hypothetical,late_static,True,,,,2.946916847934517,,2.9527819998786295,0.11764705882352944,0.32613711537068285,0.0,1.0
R06,late_static_011,constrained,late_static,True,,,,2.238074566967903,,2.2400902204703574,0.15384615384615385,0.16625816243249134,0.0,1.0
R06,late_static_011,constrained_short,late_static,True,,,,2.238074566967903,,2.2400902204703574,0.15384615384615385,0.16625816243249134,0.0,1.0
R06,late_static_011,hypothetical,late_static,True,,,,2.2262233968829035,,2.2282784964059608,0.07692307692307687,0.3554478625481186,0.0,1.0
R06,late_static_012,constrained,late_static,True,,,,1.7787203697478036,,1.7798556266586765,0.09999999999999998,0.19260065791339595,0.0,1.0
R06,late_static_012,constrained_short,late_static,True,,,,1.7787203697478036,,1.7798556266586765,0.09999999999999998,0.19260065791339595,0.0,1.0
R06,late_static_012,hypothetical,late_static,True,,,,1.7791832166078492,,1.780349808311941,0.0,0.1743490380899581,0.0,1.0
R06,late_static_013,constrained,late_static,True,,,,2.852308536256671,,2.858991263448256,0.05555555555555558,0.10168947736567517,0.0,1.0
R06,late_static_013,constrained_short,late_static,True,,,,2.852308536256671,,2.858991263448256,0.05555555555555558,0.10168947736567517,0.0,1.0
R06,late_static_013,hypothetical,late_static,True,,,,2.852716932254473,,2.8585591984821486,0.05555555555555558,0.10026685696621704,0.0,1.0
R06,late_static_014,constrained,late_static,True,,,,3.3196259889244875,,3.329725298576598,0.10526315789473684,0.38178064205165824,0.0,1.0
R06,late_static_014,constrained_short,late_static,True,,,,3.3196259889244875,,3.329725298576598,0.10526315789473684,0.38178064205165824,0.0,1.0
R06,late_static_014,hypothetical,late_static,True,,,,3.2757626186065023,,3.298886887347599,0.1578947368421053,0.3743615151173508,0.0,1.0
R06,late_static_015,constrained,late_static,True,,,,2.336181714860362,,2.3382096926119362,0.0714285714285714,0.13487247494174776,0.0,1.0
R06,late_static_015,constrained_short,late_static,True,,,,2.336181714860362,,2.3382096926119362,0.0714285714285714,0.13487247494174776,0.0,1.0
R06,late_static_015,hypothetical,late_static,True,,,,2.3366171397914477,,2.3386151121039576,0.0714285714285714,0.16723327216247805,0.0,1.0
R06,late_static_016,constrained,late_static,True,,,,2.626038965473491,,2.627010348950366,0.125,0.25926055088421784,0.0,1.0
R06,late_static_016,constrained_short,late_static,True,,,,2.626038965473491,,2.627010348950366,0.125,0.25926055088421784,0.0,1.0
R06,late_static_016,hypothetical,late_static,True,,,,2.7462938928255647,,2.751674309061731,0.11764705882352944,0.38793598285603575,0.0,1.0
R06,late_static_017,constrained,late_static,True,,,,2.2332444551915858,,2.2357568498385203,0.07692307692307687,0.13930291473221593,0.0,1.0
R06,late_static_017,constrained_short,late_static,True,,,,2.2332444551915858,,2.2357568498385203,0.07692307692307687,0.13930291473221593,0.0,1.0
R06,late_static_017,hypothetical,late_static,True,,,,2.370024257986765,,2.3744505463692005,0.0714285714285714,0.3958774317935822,0.0,1.0
R06,late_static_018,constrained,late_static,True,,,,2.4588788038126186,,2.4635080509587706,0.0,0.20666778282925957,0.0,1.0
R06,late_static_018,constrained_short,late_static,True,,,,2.4588788038126186,,2.4635080509587706,0.0,0.20666778282925957,0.0,1.0
R06,late_static_018,hypothetical,late_static,True,,,,2.4607164305281444,,2.4651942418524806,0.0,0.14968526198860105,0.0,1.0
R06,late_static_019,constrained,late_static,True,,,,2.3457493692462696,,2.3494103697204585,0.0625,0.31424988378876906,0.0,1.0
R06,late_static_019,constrained_short,late_static,True,,,,2.3457493692462696,,2.3494103697204585,0.0625,0.31424988378876906,0.0,1.0
R06,late_static_019,hypothetical,late_static,True,,,,2.4258740252592426,,2.435563438537812,0.11764705882352944,0.36829112722508706,0.0,1.0
R06,multi_obstacle_000,constrained,multi_obstacle,False,,,,-25.244654247569635,,36.488504048472585,0.364,0.13285000919144987,0.0,0.512
R06,multi_obstacle_000,constrained_short,multi_obstacle,False,,,,-25.244654247569635,,36.488504048472585,0.364,0.13285000919144987,0.0,0.512
R06,multi_obstacle_000,hypothetical,multi_obstacle,False,,,,-21.451367871480937,,37.59338668887417,0.30800000000000005,0.13635833140668696,0.0,0.6
R06,multi_obstacle_001,constrained,multi_obstacle,False,,,,-13.685295869066579,,26.346019485593267,0.392,0.12208988639741238,0.0,0.472
R06,multi_obstacle_001,constrained_short,multi_obstacle,False,,,,-13.685295869066579,,26.346019485593267,0.392,0.12208988639741238,0.0,0.472
R06,multi_obstacle_001,hypothetical,multi_obstacle,False,,,,6.746158562873266,,24.260968515536312,0.608,0.11728400202626975,0.0,0.356
R06,multi_obstacle_002,constrained,multi_obstacle,False,,,,-10.056798552917925,,26.146832033498036,0.32399999999999995,0.13195162647723196,0.0,0.7
R06,multi_obstacle_002,constrained_short,multi_obstacle,False,,,,-10.056798552917925,,26.146832033498036,0.32399999999999995,0.13195162647723196,0.0,0.7
R06,multi_obstacle_002,hypothetical,multi_obstacle,False,,,,-7.683582106501909,,26.278386372365436,0.28800000000000003,0.13716865137290501,0.0,0.684
R06,multi_obstacle_003,constrained,multi_obstacle,False,,,,-15.83429438561405,,28.88658759608096,0.33199999999999996,0.12228446001497195,0.0,0.584
R06,multi_obstacle_003,constrained_short,multi_obstacle,False,,,,-15.83429438561405,,28.88658759608096,0.33199999999999996,0.12228446001497195,0.0,0.584
R06,multi_obstacle_003,hypothetical,multi_obstacle,False,,,,-13.677524997939095,,28.476827841028115,0.40800000000000003,0.1416394628332141,0.0,0.524
R06,multi_obstacle_004,constrained,multi_obstacle,False,,,,3.973916710668954,,28.52296449862011,0.46799999999999997,0.1622265374927507,0.0,0.472
R06,multi_obstacle_004,constrained_short,multi_obstacle,False,,,,3.973916710668954,,28.52296449862011,0.46799999999999997,0.1622265374927507,0.0,0.472
R06,multi_obstacle_004,hypothetical,multi_obstacle,False,,,,-6.526272313472441,,28.870990771954073,0.45199999999999996,0.16186870797243053,0.0,0.44
R06,multi_obstacle_005,constrained,multi_obstacle,False,,,,-12.752615523640337,,23.941547649990355,0.45599999999999996,0.10739438976249445,0.0,0.508
R06,multi_obstacle_005,constrained_short,multi_obstacle,False,,,,-12.752615523640337,,23.941547649990355,0.45599999999999996,0.10739438976249445,0.0,0.508
R06,multi_obstacle_005,hypothetical,multi_obstacle,False,,,,-11.261064080058617,,24.529311413612206,0.42800000000000005,0.09545452751092283,0.0,0.512
R06,multi_obstacle_006,constrained,multi_obstacle,False,,,,-8.002964179302616,,23.54850848758971,0.54,0.11995936927495682,0.0,0.428
R06,multi_obstacle_006,constrained_short,multi_obstacle,False,,,,-8.002964179302616,,23.54850848758971,0.54,0.11995936927495682,0.0,0.428
R06,multi_obstacle_006,hypothetical,multi_obstacle,False,,,,1.0338153954354006,,23.879445891974015,0.5640000000000001,0.09782197904055552,0.0,0.424
R06,multi_obstacle_007,constrained,multi_obstacle,False,,,,-11.449738504549595,,24.648296074254063,0.45199999999999996,0.13256422932232828,0.0,0.54
R06,multi_obstacle_007,constrained_short,multi_obstacle,False,,,,-11.449738504549595,,24.648296074254063,0.45199999999999996,0.13256422932232828,0.0,0.54
R06,multi_obstacle_007,hypothetical,multi_obstacle,False,,,,0.8372878739525085,,23.98312814769842,0.528,0.1435935341220613,0.0,0.452
R06,multi_obstacle_008,constrained,multi_obstacle,False,,,,-12.155712979528715,,26.04973003685199,0.36,0.13769398939840563,0.0,0.472
R06,multi_obstacle_008,constrained_short,multi_obstacle,False,,,,-12.155712979528715,,26.04973003685199,0.36,0.13769398939840563,0.0,0.472
R06,multi_obstacle_008,hypothetical,multi_obstacle,False,,,,-14.141485646201872,,26.561508272227364,0.17600000000000005,0.11940245631444142,0.0,0.784
R06,multi_obstacle_009,constrained,multi_obstacle,False,,,,-15.62489509257151,,33.767247147746154,0.352,0.1007176200567018,0.0,0.68
R06,multi_obstacle_009,constrained_short,multi_obstacle,False,,,,-15.62489509257151,,33.767247147746154,0.352,0.1007176200567018,0.0,0.68
R06,multi_obstacle_009,hypothetical,multi_obstacle,False,,,,3.2719789906252466,,32.3435490988738,0.532,0.11895565075370866,0.0,0.412
R06,multi_obstacle_010,constrained,multi_obstacle,False,,,,-7.34579354509173,,24.292280605950875,0.604,0.13987970074273517,0.0,0.372
R06,multi_obstacle_010,constrained_short,multi_obstacle,False,,,,-7.34579354509173,,24.292280605950875,0.604,0.13987970074273517,0.0,0.372
R06,multi_obstacle_010,hypothetical,multi_obstacle,False,,,,-6.744827645985071,,25.825392212974137,0.5880000000000001,0.11164133912030771,0.0,0.408
R06,multi_obstacle_011,constrained,multi_obstacle,False,,,,-7.255710853597593,,26.932513576734408,0.492,0.13824572868080523,0.0,0.404
R06,multi_obstacle_011,constrained_short,multi_obstacle,False,,,,-7.255710853597593,,26.932513576734408,0.492,0.13824572868080523,0.0,0.404
R06,multi_obstacle_011,hypothetical,multi_obstacle,False,,,,-11.134896965028622,,26.264986833624096,0.372,0.17128449445488889,0.0,0.592
R06,multi_obstacle_012,constrained,multi_obstacle,False,,,,1.9722790812049027,,23.574488649034297,0.54,0.17639579059117586,0.0,0.42
R06,multi_obstacle_012,constrained_short,multi_obstacle,False,,,,1.9722790812049027,,23.574488649034297,0.54,0.17639579059117586,0.0,0.42
R06,multi_obstacle_012,hypothetical,multi_obstacle,False,,,,-10.411940712786905,,26.37955574919338,0.31200000000000006,0.14872075799616524,0.0,0.648
R06,multi_obstacle_013,constrained,multi_obstacle,False,,,,-11.366769768534477,,22.859998429059832,0.41200000000000003,0.13444036793016143,0.0,0.58
R06,multi_obstacle_013,constrained_short,multi_obstacle,False,,,,-11.366769768534477,,22.859998429059832,0.41200000000000003,0.13444036793016143,0.0,0.58
R06,multi_obstacle_013,hypothetical,multi_obstacle,False,,,,-8.120003062113037,,22.871086862116176,0.32799999999999996,0.12004922107889983,0.0,0.632
R06,multi_obstacle_014,constrained,multi_obstacle,False,,,,-15.437976373873735,,31.571659015686667,0.404,0.09497634182694566,0.0,0.592
R06,multi_obstacle_014,constrained_short,multi_obstacle,False,,,,-15.437976373873735,,31.571659015686667,0.404,0.09497634182694566,0.0,0.592
R06,multi_obstacle_014,hypothetical,multi_obstacle,False,,,,-13.739389484933607,,30.96290961592648,0.31200000000000006,0.13645509709647008,0.0,0.612
R06,multi_obstacle_015,constrained,multi_obstacle,False,,,,-16.385021790417298,,30.193013396487917,0.388,0.13224521114780738,0.0,0.644
R06,multi_obstacle_015,constrained_short,multi_obstacle,False,,,,-16.385021790417298,,30.193013396487917,0.388,0.13224521114780738,0.0,0.644
R06,multi_obstacle_015,hypothetical,multi_obstacle,False,,,,2.490641168148853,,27.021305487760888,0.508,0.1465775640883371,0.0,0.464
R06,multi_obstacle_016,constrained,multi_obstacle,False,,,,-14.710704371659656,,27.780384127970137,0.404,0.10820577261720413,0.0,0.576
R06,multi_obstacle_016,constrained_short,multi_obstacle,False,,,,-14.710704371659656,,27.780384127970137,0.404,0.10820577261720413,0.0,0.576
R06,multi_obstacle_016,hypothetical,multi_obstacle,False,,,,6.105417650335694,,25.563471830734528,0.31599999999999995,0.20883805404625777,0.0,0.704
R06,multi_obstacle_017,constrained,multi_obstacle,False,,,,-20.00254809138276,,31.749880415766903,0.22799999999999998,0.11774725832447742,0.0,0.696
R06,multi_obstacle_017,constrained_short,multi_obstacle,False,,,,-20.00254809138276,,31.749880415766903,0.22799999999999998,0.11774725832447742,0.0,0.696
R06,multi_obstacle_017,hypothetical,multi_obstacle,False,,,,-13.805383947841044,,31.046723891241026,0.45199999999999996,0.12370589274263584,0.0,0.452
R06,multi_obstacle_018,constrained,multi_obstacle,False,,,,-5.1955188387875815,,28.39337441704098,0.42400000000000004,0.14139564639545593,0.0,0.516
R06,multi_obstacle_018,constrained_short,multi_obstacle,False,,,,-5.1955188387875815,,28.39337441704098,0.42400000000000004,0.14139564639545593,0.0,0.516
R06,multi_obstacle_018,hypothetical,multi_obstacle,False,,,,-1.8997497584616454,,28.004590258930943,0.33599999999999997,0.14704026968609452,0.0,0.592
R06,multi_obstacle_019,constrained,multi_obstacle,False,,,,-3.8535765492126544,,21.884886514593685,0.48,0.1697499260544074,0.0,0.516
R06,multi_obstacle_019,constrained_short,multi_obstacle,False,,,,-3.8535765492126544,,21.884886514593685,0.48,0.1697499260544074,0.0,0.516
R06,multi_obstacle_019,hypothetical,multi_obstacle,False,,,,0.7648482206438292,,21.89868596877465,0.552,0.16620403847842596,0.0,0.428
R06,noisy_dropout_crossing_000,constrained,noisy_dropout_crossing,False,,,,-16.56547145663321,,31.732056229730464,0.07599999999999996,0.160159877511606,0.0,0.7
R06,noisy_dropout_crossing_000,constrained_short,noisy_dropout_crossing,False,,,,-16.56547145663321,,31.732056229730464,0.07599999999999996,0.160159877511606,0.0,0.7
R06,noisy_dropout_crossing_000,hypothetical,noisy_dropout_crossing,False,,,,-8.554159907611606,,30.73075666861988,0.06399999999999995,0.22332012677240531,0.0,0.716
R06,noisy_dropout_crossing_001,constrained,noisy_dropout_crossing,False,,,,22.040189339716967,,29.633730549499138,0.30800000000000005,0.16855397593782262,0.0,0.576
R06,noisy_dropout_crossing_001,constrained_short,noisy_dropout_crossing,False,,,,22.040189339716967,,29.633730549499138,0.30800000000000005,0.16855397593782262,0.0,0.576
R06,noisy_dropout_crossing_001,hypothetical,noisy_dropout_crossing,False,,,,12.042995048131388,,28.253989981319034,0.344,0.16349299469272577,0.0,0.556
R06,noisy_dropout_crossing_002,constrained,noisy_dropout_crossing,False,,,,-2.7468453634938115,,30.866042394733597,0.22799999999999998,0.181236761484233,0.0,0.612
R06,noisy_dropout_crossing_002,constrained_short,noisy_dropout_crossing,False,,,,-2.7468453634938115,,30.866042394733597,0.22799999999999998,0.181236761484233,0.0,0.612
R06,noisy_dropout_crossing_002,hypothetical,noisy_dropout_crossing,False,,,,4.593311853731604,,30.07458136896349,0.43600000000000005,0.141788394714142,0.0,0.376
R06,noisy_dropout_crossing_003,constrained,noisy_dropout_crossing,False,,,,-1.402636524724942,,30.318979076007633,0.26,0.18386682071825494,0.0,0.54
R06,noisy_dropout_crossing_003,constrained_short,noisy_dropout_crossing,False,,,,-1.402636524724942,,30.318979076007633,0.26,0.18386682071825494,0.0,0.54
R06,noisy_dropout_crossing_003,hypothetical,noisy_dropout_crossing,False,,,,-4.370398007781793,,30.745637925514124,0.264,0.14668070158189728,0.0,0.496
R06,noisy_dropout_crossing_004,constrained,noisy_dropout_crossing,False,,,,0.6339295009532915,,25.50402611016242,0.372,0.1552281634598609,0.0,0.448
R06,noisy_dropout_crossing_004,constrained_short,noisy_dropout_crossing,False,,,,0.6339295009532915,,25.50402611016242,0.372,0.1552281634598609,0.0,0.448
R06,noisy_dropout_crossing_004,hypothetical,noisy_dropout_crossing,False,,,,-4.516038025458714,,26.768432920023297,0.21599999999999997,0.15815004919417672,0.0,0.54
R06,noisy_dropout_crossing_005,constrained,noisy_dropout_crossing,False,,,,13.705348155495422,,29.4289539519198,0.06399999999999995,0.23069836417858752,0.0,0.764
R06,noisy_dropout_crossing_005,constrained_short,noisy_dropout_crossing,False,,,,13.705348155495422,,29.4289539519198,0.06399999999999995,0.23069836417858752,0.0,0.764
R06,noisy_dropout_crossing_005,hypothetical,noisy_dropout_crossing,False,,,,-8.407695793662565,,29.20796034736091,0.11599999999999999,0.17207435501315677,0.0,0.608
R06,noisy_dropout_crossing_006,constrained,noisy_dropout_crossing,False,,,,-0.16693846821916303,,25.05851206703436,0.348,0.14721586344588516,0.0,0.436
R06,noisy_dropout_crossing_006,constrained_short,noisy_dropout_crossing,False,,,,-0.16693846821916303,,25.05851206703436,0.348,0.14721586344588516,0.0,0.436
R06,noisy_dropout_crossing_006,hypothetical,noisy_dropout_crossing,False,,,,1.8478207860304208,,24.8753526206009,0.364,0.13969861149998966,0.0,0.372
R06,noisy_dropout_crossing_007,constrained,noisy_dropout_crossing,False,,,,-1.4653284480229445,,30.47014189522612,0.348,0.14602713115945565,0.0,0.412
R06,noisy_dropout_crossing_007,constrained_short,noisy_dropout_crossing,False,,,,-1.4653284480229445,,30.47014189522612,0.348,0.14602713115945565,0.0,0.412
R06,noisy_dropout_crossing_007,hypothetical,noisy_dropout_crossing,False,,,,-0.44732544673035335,,31.03126960372911,0.33999999999999997,0.1448787776439925,0.0,0.432
R06,noisy_dropout_crossing_008,constrained,noisy_dropout_crossing,False,,,,1.906448480743986,,23.50084747973489,0.42800000000000005,0.14097711856369596,0.0,0.42
R06,noisy_dropout_crossing_008,constrained_short,noisy_dropout_crossing,False,,,,1.906448480743986,,23.50084747973489,0.42800000000000005,0.14097711856369596,0.0,0.42
R06,noisy_dropout_crossing_008,hypothetical,noisy_dropout_crossing,False,,,,-0.12797654230456068,,23.680772395504604,0.396,0.13423116236880012,0.0,0.404
R06,noisy_dropout_crossing_009,constrained,noisy_dropout_crossing,False,,,,-12.176358542497931,,25.278204211443022,0.21999999999999997,0.13727900154023867,0.0,0.64
R06,noisy_dropout_crossing_009,constrained_short,noisy_dropout_crossing,False,,,,-12.176358542497931,,25.278204211443022,0.21999999999999997,0.13727900154023867,0.0,0.64
R06,noisy_dropout_crossing_009,hypothetical,noisy_dropout_crossing,False,,,,-7.3104758619017804,,24.73548599704379,0.26,0.14723846093994214,0.0,0.576
R06,noisy_dropout_crossing_010,constrained,noisy_dropout_crossing,False,,,,20.684051879423638,,35.95112500986218,0.18000000000000005,0.1500814402107044,0.0,0.608
R06,noisy_dropout_crossing_010,constrained_short,noisy_dropout_crossing,False,,,,20.684051879423638,,35.95112500986218,0.18000000000000005,0.1500814402107044,0.0,0.608
R06,noisy_dropout_crossing_010,hypothetical,noisy_dropout_crossing,False,,,,7.856983985366513,,32.97088466710405,0.33599999999999997,0.1514427211738113,0.0,0.324
R06,noisy_dropout_crossing_011,constrained,noisy_dropout_crossing,False,,,,-7.135974903963941,,26.85634374074493,0.248,0.16845748371191632,0.0,0.512
R06,noisy_dropout_crossing_011,constrained_short,noisy_dropout_crossing,False,,,,-7.135974903963941,,26.85634374074493,0.248,0.16845748371191632,0.0,0.512
R06,noisy_dropout_crossing_011,hypothetical,noisy_dropout_crossing,False,,,,-7.939473324409665,,26.926343474805993,0.24,0.15343593779562828,0.0,0.516
R06,noisy_dropout_crossing_012,constrained,noisy_dropout_crossing,False,,,,-9.700274218084928,,26.58700763380475,0.22399999999999998,0.18599642419216397,0.0,0.588
R06,noisy_dropout_crossing_012,constrained_short,noisy_dropout_crossing,False,,,,-9.700274218084928,,26.58700763380475,0.22399999999999998,0.18599642419216397,0.0,0.588
R06,noisy_dropout_crossing_012,hypothetical,noisy_dropout_crossing,False,,,,-8.050190391161767,,26.378686210436697,0.18400000000000005,0.19165808370518128,0.0,0.608
R06,noisy_dropout_crossing_013,constrained,noisy_dropout_crossing,False,,,,-8.229136459142246,,25.64881277363082,0.19999999999999996,0.14675061541649065,0.0,0.58
R06,noisy_dropout_crossing_013,constrained_short,noisy_dropout_crossing,False,,,,-8.229136459142246,,25.64881277363082,0.19999999999999996,0.14675061541649065,0.0,0.58
R06,noisy_dropout_crossing_013,hypothetical,noisy_dropout_crossing,False,,,,-0.5474329480259463,,23.996829871561218,0.244,0.17566784232062507,0.0,0.516
R06,noisy_dropout_crossing_014,constrained,noisy_dropout_crossing,False,,,,-12.887502873030172,,37.800226750742944,0.09599999999999997,0.18442133252858828,0.0,0.736
R06,noisy_dropout_crossing_014,constrained_short,noisy_dropout_crossing,False,,,,-12.887502873030172,,37.800226750742944,0.09599999999999997,0.18442133252858828,0.0,0.736
R06,noisy_dropout_crossing_014,hypothetical,noisy_dropout_crossing,False,,,,-21.234394374112554,,37.86666363979463,0.17600000000000005,0.11562095073785163,0.0,0.636
R06,noisy_dropout_crossing_015,constrained,noisy_dropout_crossing,False,,,,-2.3304678379520922,,24.639724594129675,0.388,0.15394821902312264,0.0,0.436
R06,noisy_dropout_crossing_015,constrained_short,noisy_dropout_crossing,False,,,,-2.3304678379520922,,24.639724594129675,0.388,0.15394821902312264,0.0,0.436
R06,noisy_dropout_crossing_015,hypothetical,noisy_dropout_crossing,False,,,,2.8596354686781007,,24.379590455762585,0.42000000000000004,0.13869428411141624,0.0,0.404
R06,noisy_dropout_crossing_016,constrained,noisy_dropout_crossing,False,,,,-10.146219016968285,,25.92459532631051,0.124,0.1539849929662015,0.0,0.7
R06,noisy_dropout_crossing_016,constrained_short,noisy_dropout_crossing,False,,,,-10.146219016968285,,25.92459532631051,0.124,0.1539849929662015,0.0,0.7
R06,noisy_dropout_crossing_016,hypothetical,noisy_dropout_crossing,False,,,,-10.994692075874813,,25.504396503644852,0.16400000000000003,0.1585322982899088,0.0,0.616
R06,noisy_dropout_crossing_017,constrained,noisy_dropout_crossing,False,,,,-12.014043491175014,,28.359047152806575,0.15600000000000003,0.14963777504965625,0.0,0.672
R06,noisy_dropout_crossing_017,constrained_short,noisy_dropout_crossing,False,,,,-12.014043491175014,,28.359047152806575,0.15600000000000003,0.14963777504965625,0.0,0.672
R06,noisy_dropout_crossing_017,hypothetical,noisy_dropout_crossing,False,,,,-11.812760311778257,,27.80288119417763,0.16800000000000004,0.1672113475960279,0.0,0.588
R06,noisy_dropout_crossing_018,constrained,noisy_dropout_crossing,False,,,,3.9724114609272316,,33.891981800885986,0.368,0.1549874166082182,0.0,0.48
R06,noisy_dropout_crossing_018,constrained_short,noisy_dropout_crossing,False,,,,3.9724114609272316,,33.891981800885986,0.368,0.1549874166082182,0.0,0.48
R06,noisy_dropout_crossing_018,hypothetical,noisy_dropout_crossing,False,,,,-2.0850393865225403,,33.12751897646319,0.4,0.15894382238463411,0.0,0.44
R06,noisy_dropout_crossing_019,constrained,noisy_dropout_crossing,False,,,,-0.7279320312290185,,28.35112900216437,0.33599999999999997,0.18525204830499092,0.0,0.508
R06,noisy_dropout_crossing_019,constrained_short,noisy_dropout_crossing,False,,,,-0.7279320312290185,,28.35112900216437,0.33599999999999997,0.18525204830499092,0.0,0.508
R06,noisy_dropout_crossing_019,hypothetical,noisy_dropout_crossing,False,,,,6.542213015639956,,27.358301332382997,0.33199999999999996,0.1876782801105463,0.0,0.512
R06,overtaking_000,constrained,overtaking,False,,,,3.4222808342497757,,34.54393313802919,0.9,0.04083511024450085,0.0,0.092
R06,overtaking_000,constrained_short,overtaking,False,,,,3.4222808342497757,,34.54393313802919,0.9,0.04083511024450085,0.0,0.092
R06,overtaking_000,hypothetical,overtaking,False,,,,4.121745759826508,,34.95866601760382,0.896,0.03503023956825658,0.0,0.1
R06,overtaking_001,constrained,overtaking,False,,,,-0.23179149421457623,,31.56351309506935,0.912,0.03447531844239705,0.0,0.076
R06,overtaking_001,constrained_short,overtaking,False,,,,-0.23179149421457623,,31.56351309506935,0.912,0.03447531844239705,0.0,0.076
R06,overtaking_001,hypothetical,overtaking,True,,,,7.158247823616929,,7.162708719259801,0.3829787234042553,0.13437766133450654,0.0,0.6382978723404256
R06,overtaking_002,constrained,overtaking,False,,,,1.2023843554063571,,30.251165859086104,0.956,0.012250884582281905,0.0,0.024
R06,overtaking_002,constrained_short,overtaking,False,,,,1.2023843554063571,,30.251165859086104,0.956,0.012250884582281905,0.0,0.024
R06,overtaking_002,hypothetical,overtaking,False,,,,1.8388048167007902,,30.30068944378037,0.948,0.016347381820370824,0.0,0.044
R06,overtaking_003,constrained,overtaking,False,,,,0.24996075320751743,,31.735630658540572,0.96,0.01388925746083931,0.0,0.028
R06,overtaking_003,constrained_short,overtaking,False,,,,0.24996075320751743,,31.735630658540572,0.96,0.01388925746083931,0.0,0.028
R06,overtaking_003,hypothetical,overtaking,True,,,,6.210979320017291,,6.212366358202858,0.17948717948717952,0.14803581334240531,0.0,0.7948717948717948
R06,overtaking_004,constrained,overtaking,False,,,,0.3476637871722943,,31.872552424700327,0.96,0.018190477248708512,0.0,0.036
R06,overtaking_004,constrained_short,overtaking,False,,,,0.3476637871722943,,31.872552424700327,0.96,0.018190477248708512,0.0,0.036
R06,overtaking_004,hypothetical,overtaking,False,,,,0.4024263668273953,,31.88361636617576,0.96,0.016926303923467168,0.0,0.036
R06,overtaking_005,constrained,overtaking,False,,,,0.3576974122808796,,31.68660349053321,0.956,0.013234608099710936,0.0,0.028
R06,overtaking_005,constrained_short,overtaking,False,,,,0.3576974122808796,,31.68660349053321,0.956,0.013234608099710936,0.0,0.028
R06,overtaking_005,hypothetical,overtaking,False,,,,0.779818767909255,,31.81278859203039,0.948,0.016321181165366825,0.0,0.04
R06,overtaking_006,constrained,overtaking,True,,,,4.079425030969067,,4.0814652230178226,0.07692307692307687,0.08577599468371608,0.0,1.0
R06,overtaking_006,constrained_short,overtaking,True,,,,4.079425030969067,,4.0814652230178226,0.07692307692307687,0.08577599468371608,0.0,1.0
R06,overtaking_006,hypothetical,overtaking,True,,,,4.079568487370615,,4.081259665663963,0.11538461538461542,0.13155403904555812,0.0,1.0
R06,overtaking_007,constrained,overtaking,False,,,,1.5142715239087625,,28.387923055029816,0.964,0.014033179328065545,0.0,0.032
R06,overtaking_007,constrained_short,overtaking,False,,,,1.5142715239087625,,28.387923055029816,0.964,0.014033179328065545,0.0,0.032
R06,overtaking_007,hypothetical,overtaking,False,,,,5.919214043580894,,28.98619029175735,0.94,0.01995663106225488,0.0,0.056
R06,overtaking_008,constrained,overtaking,False,,,,4.005135902793841,,34.61437482839426,0.968,0.014856714686785536,0.0,0.032
R06,overtaking_008,constrained_short,overtaking,False,,,,4.005135902793841,,34.61437482839426,0.968,0.014856714686785536,0.0,0.032
R06,overtaking_008,hypothetical,overtaking,False,,,,4.2775971803053325,,34.87891599367626,0.964,0.013012497522726166,0.0,0.032
R06,overtaking_009,constrained,overtaking,False,,,,-1.3718260401079032,,30.022756942995272,0.924,0.03303134935183578,0.0,0.068
R06,overtaking_009,constrained_short,overtaking,False,,,,-1.3718260401079032,,30.022756942995272,0.924,0.03303134935183578,0.0,0.068
R06,overtaking_009,hypothetical,overtaking,True,,,,4.3260200355103535,,4.328905805003744,0.10344827586206895,0.1506353036686126,0.0,0.9655172413793104
R06,overtaking_010,constrained,overtaking,True,,,,4.170481590909572,,4.1787624449894425,0.06666666666666665,0.07434641819980363,0.0,1.0
R06,overtaking_010,constrained_short,overtaking,True,,,,4.170481590909572,,4.1787624449894425,0.06666666666666665,0.07434641819980363,0.0,1.0
R06,overtaking_010,hypothetical,overtaking,True,,,,4.16871483969015,,4.176395541991457,0.06666666666666665,0.13858189853976766,0.0,1.0
R06,overtaking_011,constrained,overtaking,False,,,,0.2874530259578254,,29.61195682051296,0.9,0.03644832619742619,0.0,0.084
R06,overtaking_011,constrained_short,overtaking,False,,,,0.2874530259578254,,29.61195682051296,0.9,0.03644832619742619,0.0,0.084
R06,overtaking_011,hypothetical,overtaking,False,,,,0.5049986859966573,,29.5966298446398,0.904,0.03236738923385296,0.0,0.084
R06,overtaking_012,constrained,overtaking,False,,,,0.12192223559762283,,32.726241476778405,0.856,0.054290017770226726,0.0,0.116
R06,overtaking_012,constrained_short,overtaking,False,,,,0.12192223559762283,,32.726241476778405,0.856,0.054290017770226726,0.0,0.116
R06,overtaking_012,hypothetical,overtaking,False,,,,-0.2211332133279882,,32.642382540183846,0.84,0.054358397228325986,0.0,0.136
R06,overtaking_013,constrained,overtaking,True,,,,3.253207492578272,,3.2565098937297416,0.050000000000000044,0.2395020805905604,0.0,1.0
R06,overtaking_013,constrained_short,overtaking,True,,,,3.253207492578272,,3.2565098937297416,0.050000000000000044,0.2395020805905604,0.0,1.0
R06,overtaking_013,hypothetical,overtaking,True,,,,3.2713399133662184,,3.273044885095497,0.0,0.19521903427532955,0.0,1.0
R06,overtaking_014,constrained,overtaking,True,,,,4.367437590877113,,4.407943295923132,0.10344827586206895,0.3343951267084795,0.0,1.0
R06,overtaking_014,constrained_short,overtaking,True,,,,4.367437590877113,,4.407943295923132,0.10344827586206895,0.3343951267084795,0.0,1.0
R06,overtaking_014,hypothetical,overtaking,False,,,,-2.876163816965578,,30.053109339041967,0.832,0.06925910034033456,0.0,0.184
R06,overtaking_015,constrained,overtaking,False,,,,-1.110910510554877,,29.87510128133396,0.9319999999999999,0.026564343678789338,0.0,0.064
R06,overtaking_015,constrained_short,overtaking,False,,,,-1.110910510554877,,29.87510128133396,0.9319999999999999,0.026564343678789338,0.0,0.064
R06,overtaking_015,hypothetical,overtaking,True,,,,5.116264465839633,,5.119937716560602,0.17647058823529416,0.22322964158805791,0.0,0.8235294117647058
R06,overtaking_016,constrained,overtaking,False,,,,-0.9485116877616431,,32.061061975958374,0.876,0.05283764344626957,0.0,0.116
R06,overtaking_016,constrained_short,overtaking,False,,,,-0.9485116877616431,,32.061061975958374,0.876,0.05283764344626957,0.0,0.116
R06,overtaking_016,hypothetical,overtaking,True,,,,7.497442931967101,,7.525095620744757,0.4285714285714286,0.10767098584997338,0.0,0.6530612244897959
R06,overtaking_017,constrained,overtaking,False,,,,0.7101632928642498,,32.789986277351495,0.86,0.055483116304038085,0.0,0.116
R06,overtaking_017,constrained_short,overtaking,False,,,,0.7101632928642498,,32.789986277351495,0.86,0.055483116304038085,0.0,0.116
R06,overtaking_017,hypothetical,overtaking,True,,,,9.41750593831338,,9.425756659676368,0.5333333333333333,0.12447525800307561,0.0,0.4666666666666667
R06,overtaking_018,constrained,overtaking,False,,,,2.527313105090478,,33.704919188043306,0.912,0.0378947096849856,0.0,0.084
R06,overtaking_018,constrained_short,overtaking,False,,,,2.527313105090478,,33.704919188043306,0.912,0.0378947096849856,0.0,0.084
R06,overtaking_018,hypothetical,overtaking,True,,,,4.764624799621874,,4.77560948644042,0.0357142857142857,0.20788867309381148,0.0,0.9642857142857143
R06,overtaking_019,constrained,overtaking,False,,,,5.025433034221388,,28.945192865202195,0.956,0.007923739850526138,0.0,0.016
R06,overtaking_019,constrained_short,overtaking,False,,,,5.025433034221388,,28.945192865202195,0.956,0.007923739850526138,0.0,0.016
R06,overtaking_019,hypothetical,overtaking,False,,,,8.773824474295353,,29.321201371143307,0.952,0.011953437905447725,0.0,0.04
R07,crossing_000,feedback_constrained,crossing,False,False,timeout,,12.823302723400582,-7.619957240141691,34.96953993769345,0.4675,0.358881412236387,0.0,0.485
R07,crossing_000,feedback_hypothetical,crossing,False,True,goal,18.38,16.767638720180916,16.7221302233845,17.2797519934664,0.8478260869565217,0.07527188647631583,0.0,0.25
R07,crossing_000,open_constrained,crossing,False,False,timeout,,3.536075237557089,2.218063811153179,34.10334559491452,0.9825,0.006815391032958827,0.0,0.015
R07,crossing_000,open_hypothetical,crossing,False,False,timeout,,4.8781319918399255,3.309876865738696,34.27201205041991,0.9875,0.00227494285656058,0.0,0.005
R07,crossing_001,feedback_constrained,crossing,False,False,timeout,,7.6386607605539005,-12.680685412929726,35.21951874807641,0.35,0.4432905416974299,0.0,0.5675
R07,crossing_001,feedback_hypothetical,crossing,True,False,collision,,9.023978651070063,8.865675713942805,9.70786421749202,0.6880733944954128,0.21834647964534817,0.0,0.5321100917431193
R07,crossing_001,open_constrained,crossing,False,False,timeout,,4.748187943449106,3.255677076913763,33.347027780592185,0.99,0.004759268505296961,0.0,0.01
R07,crossing_001,open_hypothetical,crossing,False,False,timeout,,6.603409317172142,5.035260715624643,33.525830884552,0.985,0.002180711903189685,0.0,0.0125
R07,crossing_002,feedback_constrained,crossing,False,True,goal,28.86,19.283033561175557,18.485881871406942,32.285717810191116,0.6816608996539792,0.1940543736739773,0.0,0.21453287197231835
R07,crossing_002,feedback_hypothetical,crossing,False,True,goal,17.500000000000004,18.599141529028042,18.470060700730663,19.85148006236579,0.9028571428571428,0.06168277039839071,0.0,0.22285714285714286
R07,crossing_002,open_constrained,crossing,False,False,timeout,,6.396746320311523,6.38477204620342,41.79364047957905,0.9925,0.0021070596188893847,0.0,0.005
R07,crossing_002,open_hypothetical,crossing,False,False,timeout,,6.404493824917758,6.391958582457596,41.80291970093248,0.9925,0.0019301079384946838,0.0,0.0075
R07,crossing_003,feedback_constrained,crossing,True,False,collision,,12.351841917918165,5.103616716170018,21.804816534226518,0.4741784037558685,0.34083368194766334,0.0,0.6384976525821596
R07,crossing_003,feedback_hypothetical,crossing,False,True,goal,18.18,18.059608791886404,17.94252341392522,19.03175309600884,0.8791208791208791,0.06665027899927199,0.0,0.2087912087912088
R07,crossing_003,open_constrained,crossing,False,False,timeout,,2.8860201169291297,2.648606738585098,38.49928465259461,0.9675,0.012643899096337941,0.0,0.03
R07,crossing_003,open_hypothetical,crossing,False,False,timeout,,13.719561414197315,6.7843953754135224,40.03547567247817,0.61,0.12640756641725598,0.0,0.355
R07,crossing_004,feedback_constrained,crossing,False,True,goal,25.82,16.29045181184547,15.707828472279918,23.58973622950555,0.6795366795366795,0.1732658120716684,0.0,0.24324324324324326
R07,crossing_004,feedback_hypothetical,crossing,False,True,goal,18.200000000000003,15.855733861127295,15.71543271983424,17.11160016774917,0.8186813186813187,0.09579900964431923,0.0,0.2857142857142857
R07,crossing_004,open_constrained,crossing,False,False,timeout,,0.5083759395194907,-0.2729751349516967,35.175917394131574,0.98,0.007383925803876287,0.0,0.015
R07,crossing_004,open_hypothetical,crossing,False,False,timeout,,1.345546977097964,0.3300629138426814,35.30216167777356,0.9775,0.004956288169958258,0.0,0.02
R07,crossing_005,feedback_constrained,crossing,False,True,goal,23.400000000000002,16.341325739805384,15.81122433247922,22.875586507198715,0.7393162393162394,0.15368001056821373,0.0,0.21367521367521367
R07,crossing_005,feedback_hypothetical,crossing,False,True,goal,18.04,15.964470531272063,15.814185176645612,17.59224557431104,0.8895027624309393,0.08262042105958542,0.0,0.23756906077348067
R07,crossing_005,open_constrained,crossing,False,False,timeout,,0.6598540705386995,0.641961809210212,37.187873099290535,0.9375,0.024956591316151477,0.0,0.0575
R07,crossing_005,open_hypothetical,crossing,True,False,collision,,9.027864884821042,8.340298310741217,11.272929043944332,0.42500000000000004,0.26162912592334775,0.0,0.625
R07,crossing_006,feedback_constrained,crossing,True,False,collision,,10.252380384625413,-6.760528736909336,30.429144733358775,0.3852691218130312,0.41023827142238084,0.0,0.6883852691218131
R07,crossing_006,feedback_hypothetical,crossing,True,False,collision,,8.252433443850045,8.252441472901987,8.264882290043746,0.5842696629213483,0.21620201332529337,0.0,0.48314606741573035
R07,crossing_006,open_constrained,crossing,False,False,timeout,,5.444856150513647,4.411001236695455,32.747694404755485,0.94,0.021629441427933424,0.0,0.0425
R07,crossing_006,open_hypothetical,crossing,True,False,collision,,9.329477474627637,8.154994094870785,11.669932054466964,0.4242424242424242,0.19136118988800563,0.0,0.6136363636363636
R07,crossing_007,feedback_constrained,crossing,False,True,goal,15.6,16.85794685754563,16.848794348905972,17.10741392559642,0.891025641025641,0.04825293704354605,0.0,0.07692307692307693
R07,crossing_007,feedback_hypothetical,crossing,False,True,goal,15.34,16.835691888434866,16.832040552070698,16.979426390368037,0.8506493506493507,0.04984480050515615,0.0,0.05194805194805195
R07,crossing_007,open_constrained,crossing,False,False,timeout,,3.6212343675479683,3.5301739682505797,39.7220409691645,0.9925,0.0024072858013700015,0.0,0.0075
R07,crossing_007,open_hypothetical,crossing,False,False,timeout,,4.004671271344297,3.8149229516300363,39.848437746781165,0.99,0.000981825427487806,0.0,0.0025
R07,crossing_008,feedback_constrained,crossing,True,False,collision,,10.246542536626523,-1.9453221484151157,27.4251379050043,0.4338983050847458,0.3905751564723165,0.0,0.5694915254237288
R07,crossing_008,feedback_hypothetical,crossing,False,True,goal,20.28,17.53458671831491,17.43433114367395,18.60660913674289,0.6600985221674878,0.14066429638123176,0.0,0.4088669950738916
R07,crossing_008,open_constrained,crossing,False,False,timeout,,2.64651417963654,1.7052015765221533,34.56277767148136,0.97,0.01222610968825657,0.0,0.0275
R07,crossing_008,open_hypothetical,crossing,False,False,timeout,,5.6871449298324475,4.173052286668865,34.97423571763146,0.9875,0.0019031523516202338,0.0,0.0075
R07,crossing_009,feedback_constrained,crossing,False,True,goal,24.56,18.98511839660463,18.418848340332147,25.897173345910137,0.7195121951219512,0.1752422479557274,0.0,0.2032520325203252
R07,crossing_009,feedback_hypothetical,crossing,True,False,collision,,11.179643197150414,11.174151918112049,11.221161310926867,0.7474747474747474,0.13521638134263314,0.0,0.36363636363636365
R07,crossing_009,open_constrained,crossing,False,False,timeout,,3.4609831335720482,3.4509483896322877,39.906768441103594,0.98,0.00801970392792683,0.0,0.02
R07,crossing_009,open_hypothetical,crossing,False,False,timeout,,3.5299366708109012,3.5088359701548875,39.96842905423006,0.9875,0.0035328470203965703,0.0,0.0125
R07,crossing_010,feedback_constrained,crossing,False,True,goal,20.500000000000004,16.360846498955738,15.95276527417564,20.78605530499224,0.7121951219512195,0.16265129674890208,0.0,0.23902439024390243
R07,crossing_010,feedback_hypothetical,crossing,True,False,collision,,8.075296098838198,8.070939118146299,8.109811443832365,0.7272727272727273,0.184346232421134,0.0,0.4155844155844156
R07,crossing_010,open_constrained,crossing,False,False,timeout,,1.7859467694573317,1.7077241487614252,38.45021625037906,0.985,0.005399732940804763,0.0,0.0125
R07,crossing_010,open_hypothetical,crossing,False,False,timeout,,2.1080788910992894,1.905830830189183,38.308250017749344,0.9675,0.01040459961385886,0.0,0.0275
R07,crossing_011,feedback_constrained,crossing,False,True,goal,21.04,15.44604502162522,14.886528857289973,21.6907288549499,0.7298578199052133,0.18327439608442556,0.0,0.2938388625592417
R07,crossing_011,feedback_hypothetical,crossing,True,False,collision,,7.172641545189085,7.168943510483576,7.224990882966522,0.5757575757575757,0.24601524470958913,0.0,0.5606060606060606
R07,crossing_011,open_constrained,crossing,False,False,timeout,,3.017682765013764,2.968323046903821,39.22540133443904,0.9675,0.013862662395388602,0.0,0.0275
R07,crossing_011,open_hypothetical,crossing,True,False,collision,,7.133913546874985,7.119291253959599,7.18282555837731,0.5151515151515151,0.18906003883347272,0.0,0.5151515151515151
R07,crossing_012,feedback_constrained,crossing,False,True,goal,20.14,17.184413376063084,16.814154676758886,21.20158507762053,0.7326732673267327,0.14972414805160048,0.0,0.21287128712871287
R07,crossing_012,feedback_hypothetical,crossing,True,False,collision,,9.14942574494709,9.148227948386484,9.199817616137583,0.7407407407407407,0.1626297695934826,0.0,0.4074074074074074
R07,crossing_012,open_constrained,crossing,False,False,timeout,,2.8255438958330092,2.8251538140532,39.49964474898032,0.9925,0.0028308079918605384,0.0,0.005
R07,crossing_012,open_hypothetical,crossing,False,False,timeout,,2.8669381868790005,2.8624726645806984,39.564788510594255,0.9925,0.0013129632667852156,0.0,0.005
R07,crossing_013,feedback_constrained,crossing,False,True,goal,29.06,15.364947340373432,14.603494747668133,26.87704278936946,0.6494845360824743,0.1759350496107321,0.0,0.3230240549828179
R07,crossing_013,feedback_hypothetical,crossing,False,True,goal,18.84,14.76904284798124,14.603977364479217,17.16758185884341,0.8201058201058201,0.11930815230138667,0.0,0.30158730158730157
R07,crossing_013,open_constrained,crossing,False,False,timeout,,-0.10055633577356637,-0.7301864605539237,35.41467619112162,0.9725,0.010591819169626862,0.0,0.025
R07,crossing_013,open_hypothetical,crossing,False,False,timeout,,0.8613351402400777,-0.03944165520197629,35.5716098065353,0.98,0.005558622803200013,0.0,0.02
R07,crossing_014,feedback_constrained,crossing,False,True,goal,23.84,15.575988732522188,14.927601283962725,24.257579315212844,0.6903765690376569,0.17435889113141875,0.0,0.26778242677824265
R07,crossing_014,feedback_hypothetical,crossing,True,False,collision,,7.924876059476741,7.905972338624702,8.028063507367616,0.5675675675675675,0.23848951276105845,0.0,0.6216216216216216
R07,crossing_014,open_constrained,crossing,False,False,timeout,,0.49875910186372785,0.44587602802346815,38.38978756850788,0.94,0.020752307794070633,0.0,0.0575
R07,crossing_014,open_hypothetical,crossing,False,False,timeout,,0.5851390388481237,0.5669288830891279,38.4936237336622,0.9125,0.01606490891377669,0.0,0.0875
R07,crossing_015,feedback_constrained,crossing,False,True,goal,14.52,15.091477988943591,15.040672913174284,15.585087531817209,0.7465753424657534,0.12192045283605928,0.0,0.1917808219178082
R07,crossing_015,feedback_hypothetical,crossing,False,True,goal,14.74,15.107765782693956,15.044278338835358,15.666065128554205,0.7364864864864865,0.10868448908508499,0.0,0.1554054054054054
R07,crossing_015,open_constrained,crossing,False,False,timeout,,1.7522907545531208,1.7311932171951874,38.56189300088945,0.9575,0.017787985042431356,0.0,0.0425
R07,crossing_015,open_hypothetical,crossing,False,False,timeout,,1.9636175143076189,1.8893139231575056,38.71751189751614,0.9625,0.008961248908751041,0.0,0.0275
R07,crossing_016,feedback_constrained,crossing,False,True,goal,24.08,16.22778148974203,15.676049083633993,23.380936990312627,0.7302904564315353,0.160098556476477,0.0,0.22821576763485477
R07,crossing_016,feedback_hypothetical,crossing,True,False,collision,,7.8437850079769005,7.839509679589321,7.878431212247789,0.6712328767123288,0.21021170769717212,0.0,0.4520547945205479
R07,crossing_016,open_constrained,crossing,False,False,timeout,,0.796986478172137,0.7535464091471802,37.39459269888905,0.9575,0.018082610018857036,0.0,0.0375
R07,crossing_016,open_hypothetical,crossing,True,False,collision,,9.598537663780549,9.144229109978781,10.704201360675357,0.41509433962264153,0.24733902597342108,0.0,0.6415094339622641
R07,crossing_017,feedback_constrained,crossing,True,False,collision,,11.075752891802225,-1.9857142026350303,28.246532161156942,0.400709219858156,0.401776098455293,0.0,0.6453900709219859
R07,crossing_017,feedback_hypothetical,crossing,False,True,goal,18.68,18.39004401038354,18.34985343163274,18.98984211192959,0.9090909090909091,0.055996393866177024,0.0,0.18181818181818182
R07,crossing_017,open_constrained,crossing,False,False,timeout,,0.7538998021685082,0.37661884470299967,37.071324456038475,0.985,0.006022753881431673,0.0,0.015
R07,crossing_017,open_hypothetical,crossing,False,False,timeout,,0.9096389261171751,0.5104255949192016,37.084432359164765,0.9775,0.006821998773671398,0.0,0.0225
R07,crossing_018,feedback_constrained,crossing,False,False,timeout,,7.500311036946307,-13.847046045514883,37.49127879074759,0.26749999999999996,0.4286085451621174,0.0,0.7025
R07,crossing_018,feedback_hypothetical,crossing,False,True,goal,17.279999999999998,16.08507212196409,16.06148480291479,16.404861237581713,0.6705202312138728,0.1383656580101659,0.0,0.2254335260115607
R07,crossing_018,open_constrained,crossing,False,False,timeout,,2.822209862151576,1.6716483542312375,34.374319099417356,0.96,0.012310291101634965,0.0,0.04
R07,crossing_018,open_hypothetical,crossing,False,False,timeout,,3.9641853076233007,2.674085293124554,34.45810603034008,0.9325,0.015057421034355822,0.0,0.065
R07,crossing_019,feedback_constrained,crossing,True,False,collision,,10.562664252795116,6.370769177103597,16.32991067822284,0.38378378378378375,0.38522977863605345,0.0,0.6918918918918919
R07,crossing_019,feedback_hypothetical,crossing,False,True,goal,18.44,16.17452387883106,16.11375177187098,16.87963095574402,0.8648648648648649,0.07512170211701721,0.0,0.25405405405405407
R07,crossing_019,open_constrained,crossing,False,False,timeout,,3.831645421639589,2.645403949467319,33.97706145458503,0.9525,0.02057821182266252,0.0,0.04
R07,crossing_019,open_hypothetical,crossing,True,False,collision,,8.569746062785368,8.250772660673803,9.779704431654299,0.5462962962962963,0.1693658994662593,0.0,0.5092592592592593
R07,late_high_throttle_000,feedback_constrained,late_high_throttle,False,True,goal,11.32,13.091777891655052,12.94005237957566,15.282895892609478,0.8859649122807017,0.08216556870024713,0.0,0.08771929824561403
R07,late_high_throttle_000,feedback_hypothetical,late_high_throttle,True,False,collision,,5.2320700434685845,5.231859707287551,5.232587319614932,0.2222222222222222,0.13649996237237683,0.0,0.8055555555555556
R07,late_high_throttle_000,open_constrained,late_high_throttle,False,False,timeout,,2.31445677348703,2.2988154286822695,49.67031862312003,0.95,0.019758244111656973,0.0,0.035
R07,late_high_throttle_000,open_hypothetical,late_high_throttle,False,False,timeout,,2.5111341803366383,2.4685823126962365,49.631197746628516,0.9299999999999999,0.024382494218011305,0.0,0.0525
R07,late_high_throttle_001,feedback_constrained,late_high_throttle,False,True,goal,11.22,14.348497646271557,14.204706081510063,15.99973188701162,0.8938053097345133,0.062683326179693,0.0,0.07079646017699115
R07,late_high_throttle_001,feedback_hypothetical,late_high_throttle,False,True,goal,12.22,14.398491286913831,14.205409306356868,16.943234183946377,0.8699186991869918,0.08419323419678892,0.0,0.0975609756097561
R07,late_high_throttle_001,open_constrained,late_high_throttle,False,False,timeout,,3.2902766755335495,3.2894133571022834,50.67480158343422,0.9425,0.019223527753452114,0.0,0.0325
R07,late_high_throttle_001,open_hypothetical,late_high_throttle,False,False,timeout,,3.364438037842442,3.3333147078477303,50.427730666570476,0.915,0.02849569674759564,0.0,0.065
R07,late_high_throttle_002,feedback_constrained,late_high_throttle,False,True,goal,11.58,12.803173723418817,12.645132260582436,15.620892977182391,0.8448275862068966,0.09787567438627527,0.0,0.12931034482758622
R07,late_high_throttle_002,feedback_hypothetical,late_high_throttle,True,False,collision,,4.725695083058592,4.725333588157691,4.7267491959431975,0.19999999999999996,0.15027216217113307,0.0,0.8666666666666667
R07,late_high_throttle_002,open_constrained,late_high_throttle,False,False,timeout,,2.312122086774925,2.2959668431808424,49.91858842717595,0.9175,0.03228947514524995,0.0,0.0575
R07,late_high_throttle_002,open_hypothetical,late_high_throttle,True,False,collision,,4.726101077082927,4.725634396116792,4.727108577913158,0.1333333333333333,0.17487065566403845,0.0,0.8666666666666667
R07,late_high_throttle_003,feedback_constrained,late_high_throttle,False,True,goal,10.96,13.235239216494486,13.097653777688254,15.002201323742705,0.8818181818181818,0.07129129610355207,0.0,0.07272727272727272
R07,late_high_throttle_003,feedback_hypothetical,late_high_throttle,False,True,goal,13.280000000000001,13.279247611226154,13.091578191978257,16.94094327714062,0.849624060150376,0.1166034739705381,0.0,0.2556390977443609
R07,late_high_throttle_003,open_constrained,late_high_throttle,False,False,timeout,,0.5196451424774358,0.46853773903801965,48.355382805368066,0.94,0.023758821228197766,0.0,0.0425
R07,late_high_throttle_003,open_hypothetical,late_high_throttle,False,False,timeout,,0.40873446536417646,0.3894708828736064,48.472548669661094,0.94,0.023664393039640488,0.0,0.04
R07,late_high_throttle_004,feedback_constrained,late_high_throttle,False,True,goal,11.280000000000001,14.128805414876005,13.992852813755036,15.646643777069944,0.8495575221238938,0.07258194803075144,0.0,0.07079646017699115
R07,late_high_throttle_004,feedback_hypothetical,late_high_throttle,True,False,collision,,6.2937553922231,6.293856706135468,6.29412956379074,0.40476190476190477,0.0914165143827061,0.0,0.5952380952380952
R07,late_high_throttle_004,open_constrained,late_high_throttle,False,False,timeout,,1.6534745293021071,1.6316483513957305,49.67398001467252,0.9475,0.020400858459285187,0.0,0.03
R07,late_high_throttle_004,open_hypothetical,late_high_throttle,False,False,timeout,,0.433446894474681,0.11117893587883643,49.80395523159908,0.9275,0.03269560814296292,0.0,0.0775
R07,late_high_throttle_005,feedback_constrained,late_high_throttle,False,True,goal,10.42,12.43237837160232,12.306740868445916,13.959324870767379,0.9047619047619048,0.06548573198812577,0.0,0.08571428571428572
R07,late_high_throttle_005,feedback_hypothetical,late_high_throttle,True,False,collision,,4.694679869470617,4.6946236877864305,4.6952120953431065,0.125,0.13847942017474532,0.0,0.96875
R07,late_high_throttle_005,open_constrained,late_high_throttle,False,False,timeout,,-0.22000651933072923,-0.2282425057486801,48.042255839308154,0.95,0.021597607772627366,0.0,0.04
R07,late_high_throttle_005,open_hypothetical,late_high_throttle,True,False,collision,,4.6676993851394295,4.667556041736612,4.668195573370799,0.03125,0.17322835639157677,0.0,0.96875
R07,late_high_throttle_006,feedback_constrained,late_high_throttle,False,True,goal,10.96,11.819037909968745,11.624600018225442,14.66631840628762,0.8818181818181818,0.09679129776959491,0.0,0.23636363636363636
R07,late_high_throttle_006,feedback_hypothetical,late_high_throttle,True,False,collision,,3.9618349421739376,3.9647230354645657,3.973210263526175,0.28,0.17587371427047457,0.0,0.96
R07,late_high_throttle_006,open_constrained,late_high_throttle,False,False,timeout,,0.9955187108291152,0.8640075885221279,50.05410406195013,0.9175,0.03553832612533554,0.0,0.08
R07,late_high_throttle_006,open_hypothetical,late_high_throttle,True,False,collision,,3.9615700002873693,3.9644674722186064,3.9730658060734387,0.16000000000000003,0.30070602131738083,0.0,0.96
R07,late_high_throttle_007,feedback_constrained,late_high_throttle,False,True,goal,10.96,11.775215368452807,11.600265268814873,13.990609667616603,0.8363636363636364,0.09935871640892058,0.0,0.13636363636363635
R07,late_high_throttle_007,feedback_hypothetical,late_high_throttle,True,False,collision,,3.909330943457818,3.909587923051909,3.9098324025416167,0.2142857142857143,0.08437593188322245,0.0,0.8571428571428571
R07,late_high_throttle_007,open_constrained,late_high_throttle,False,False,timeout,,-1.138193579721455,-1.2070690375382203,47.76398318984201,0.9325,0.027900276547567403,0.0,0.05
R07,late_high_throttle_007,open_hypothetical,late_high_throttle,True,False,collision,,3.908043837293882,3.90823867399169,3.9083680513942904,0.1785714285714286,0.13436201908772444,0.0,0.8571428571428571
R07,late_high_throttle_008,feedback_constrained,late_high_throttle,False,True,goal,11.48,12.94827031847684,12.809764691262535,15.38927502188289,0.9043478260869565,0.08313702023716812,0.0,0.10434782608695652
R07,late_high_throttle_008,feedback_hypothetical,late_high_throttle,False,True,goal,11.56,13.000242630839777,12.799759033632997,15.627333086388875,0.8362068965517242,0.08840564377790133,0.0,0.13793103448275862
R07,late_high_throttle_008,open_constrained,late_high_throttle,False,False,timeout,,2.4227019078151395,2.420786395846802,49.93567219745211,0.9575,0.018337159723189167,0.0,0.03
R07,late_high_throttle_008,open_hypothetical,late_high_throttle,True,False,collision,,4.919057480677395,4.918310492763215,4.920466250028224,0.20588235294117652,0.181176489359136,0.0,0.7941176470588235
R07,late_high_throttle_009,feedback_constrained,late_high_throttle,False,True,goal,10.98,13.564412061203404,13.430531290294477,15.033141022997519,0.8727272727272728,0.08005162499048786,0.0,0.08181818181818182
R07,late_high_throttle_009,feedback_hypothetical,late_high_throttle,False,True,goal,13.660000000000002,13.65713278685163,13.445154833178968,17.32549900716792,0.7956204379562044,0.12976324542226092,0.0,0.29927007299270075
R07,late_high_throttle_009,open_constrained,late_high_throttle,False,False,timeout,,0.35865808643087593,0.35773607695975507,48.461879856296115,0.955,0.019217437616953763,0.0,0.0425
R07,late_high_throttle_009,open_hypothetical,late_high_throttle,False,False,timeout,,0.4427462551793795,0.44431082171008995,48.45228536523792,0.955,0.014834128813145412,0.0,0.03
R07,late_high_throttle_010,feedback_constrained,late_high_throttle,False,True,goal,11.08,13.343673584701527,13.21236313170038,14.980239818198585,0.8918918918918919,0.0683281957201717,0.0,0.06306306306306306
R07,late_high_throttle_010,feedback_hypothetical,late_high_throttle,False,True,goal,12.64,13.410093696054759,13.216342512777263,16.332386466900807,0.8110236220472441,0.10022495152630843,0.0,0.1889763779527559
R07,late_high_throttle_010,open_constrained,late_high_throttle,False,False,timeout,,0.21675796899297683,0.21408177501139036,48.33396619529037,0.975,0.011792715296648947,0.0,0.025
R07,late_high_throttle_010,open_hypothetical,late_high_throttle,True,False,collision,,5.435011267648093,5.4349974307866145,5.435167487744583,0.18918918918918914,0.1006473754157862,0.0,0.8648648648648649
R07,late_high_throttle_011,feedback_constrained,late_high_throttle,False,True,goal,11.3,11.820865006822796,11.660581921196398,13.960952844975173,0.8495575221238938,0.09740702516430466,0.0,0.13274336283185842
R07,late_high_throttle_011,feedback_hypothetical,late_high_throttle,True,False,collision,,3.9378103342892516,3.9390439470899583,3.9401731420820068,0.1724137931034483,0.12977650312117173,0.0,0.8620689655172413
R07,late_high_throttle_011,open_constrained,late_high_throttle,False,False,timeout,,-2.190518955924042,-2.3923743828892583,46.270459282010336,0.9175,0.03158010275583607,0.0,0.0575
R07,late_high_throttle_011,open_hypothetical,late_high_throttle,True,False,collision,,3.930747166362014,3.9319508852016583,3.9330454318160775,0.2068965517241379,0.16776626797600372,0.0,0.8620689655172413
R07,late_high_throttle_012,feedback_constrained,late_high_throttle,False,True,goal,10.94,12.73251884457078,12.575162404844036,14.815694488388,0.8636363636363636,0.08151823082940741,0.0,0.09090909090909091
R07,late_high_throttle_012,feedback_hypothetical,late_high_throttle,True,False,collision,,4.678212464504157,4.678421117878138,4.679091615573472,0.16129032258064513,0.12519423749682054,0.0,0.8387096774193549
R07,late_high_throttle_012,open_constrained,late_high_throttle,False,False,timeout,,1.1081645114567324,1.04608572900311,48.70097253831717,0.9375,0.025085453637693413,0.0,0.045
R07,late_high_throttle_012,open_hypothetical,late_high_throttle,False,False,timeout,,-0.8435797394056843,-1.3037401478133894,49.585587915499104,0.9125,0.03534836436858807,0.0,0.0925
R07,late_high_throttle_013,feedback_constrained,late_high_throttle,False,True,goal,10.94,13.043513257127302,12.913353715448402,14.971092440711105,0.8818181818181818,0.07322501235452678,0.0,0.08181818181818182
R07,late_high_throttle_013,feedback_hypothetical,late_high_throttle,False,True,goal,11.98,13.084867220510901,12.91758868616656,15.92985013930408,0.85,0.09718913046812129,0.0,0.13333333333333333
R07,late_high_throttle_013,open_constrained,late_high_throttle,False,False,timeout,,1.2861827705368656,1.2830182349282158,49.20030849697933,0.955,0.019434807044007973,0.0,0.0325
R07,late_high_throttle_013,open_hypothetical,late_high_throttle,False,False,timeout,,1.3289678981964546,1.314125066599825,49.47530882300864,0.935,0.023811038870820193,0.0,0.04
R07,late_high_throttle_014,feedback_constrained,late_high_throttle,False,True,goal,11.700000000000001,14.514302898933998,14.390717575310676,16.134770299955836,0.905982905982906,0.06555699284445676,0.0,0.06837606837606838
R07,late_high_throttle_014,feedback_hypothetical,late_high_throttle,False,True,goal,14.34,14.624372724022464,14.407011580872057,18.62702011066531,0.8472222222222222,0.11289564376126598,0.0,0.25
R07,late_high_throttle_014,open_constrained,late_high_throttle,False,False,timeout,,1.3054628047689167,1.2965394293002817,49.00744070195473,0.96,0.0196790532432157,0.0,0.04
R07,late_high_throttle_014,open_hypothetical,late_high_throttle,False,False,timeout,,1.388754276088143,1.3887384706602006,49.21228137803541,0.9375,0.026487667973758868,0.0,0.06
R07,late_high_throttle_015,feedback_constrained,late_high_throttle,False,True,goal,11.54,13.044956078958295,12.87939479314366,15.162675688575385,0.8793103448275862,0.08562092212164943,0.0,0.08620689655172414
R07,late_high_throttle_015,feedback_hypothetical,late_high_throttle,False,True,goal,13.1,13.085931707054483,12.883576130798936,16.409667666814947,0.8396946564885497,0.11429009704443656,0.0,0.2748091603053435
R07,late_high_throttle_015,open_constrained,late_high_throttle,False,False,timeout,,-0.7761451513411419,-0.7836010903532422,47.52222207367393,0.9525,0.020079483578499015,0.0,0.035
R07,late_high_throttle_015,open_hypothetical,late_high_throttle,False,False,timeout,,11.670795047023276,9.10978041972993,47.9519680400899,0.8875,0.048028234048257075,0.0,0.11
R07,late_high_throttle_016,feedback_constrained,late_high_throttle,False,True,goal,11.24,11.757125477532272,11.575295516197027,14.186032200169734,0.8849557522123894,0.09904563730285776,0.0,0.2920353982300885
R07,late_high_throttle_016,feedback_hypothetical,late_high_throttle,False,True,goal,13.32,11.797780185787238,11.567495490831877,16.263010736194524,0.8283582089552239,0.13709972993436756,0.0,0.27611940298507465
R07,late_high_throttle_016,open_constrained,late_high_throttle,False,False,timeout,,11.659870237659725,11.342837144740216,51.049130244560686,0.83,0.06408848642064101,0.0,0.1525
R07,late_high_throttle_016,open_hypothetical,late_high_throttle,False,False,timeout,,-1.1769370500341125,-3.8137655973584454,48.159045429080564,0.915,0.036373846655625,0.0,0.0925
R07,late_high_throttle_017,feedback_constrained,late_high_throttle,False,True,goal,11.72,14.1766638370123,14.02366493219085,16.01381604803223,0.9067796610169492,0.06585174146549237,0.0,0.06779661016949153
R07,late_high_throttle_017,feedback_hypothetical,late_high_throttle,False,True,goal,13.660000000000002,14.234247987646352,14.021439831224544,17.753930831839604,0.8540145985401459,0.10733334611496165,0.0,0.1897810218978102
R07,late_high_throttle_017,open_constrained,late_high_throttle,False,False,timeout,,0.8571727741292925,0.8514966128181687,48.73618325169163,0.9425,0.02338732937490457,0.0,0.035
R07,late_high_throttle_017,open_hypothetical,late_high_throttle,False,False,timeout,,0.8549912235362296,0.8527110789032939,48.74288092383608,0.915,0.030683099178351624,0.0,0.07
R07,late_high_throttle_018,feedback_constrained,late_high_throttle,False,True,goal,10.200000000000001,13.298959173914007,13.165953771562169,14.640537705649596,0.803921568627451,0.07840024571756408,0.0,0.0784313725490196
R07,late_high_throttle_018,feedback_hypothetical,late_high_throttle,False,True,goal,10.780000000000001,13.301281906259016,13.157995928028281,15.077292677633238,0.8703703703703703,0.0768845622656057,0.0,0.09259259259259259
R07,late_high_throttle_018,open_constrained,late_high_throttle,False,False,timeout,,3.4657279432848065,3.466633941245382,50.52332237958038,0.9575,0.01630721399586904,0.0,0.025
R07,late_high_throttle_018,open_hypothetical,late_high_throttle,False,False,timeout,,6.432498223221715,4.728639434892504,51.14172428489417,0.7025,0.11397367847952855,0.0,0.3475
R07,late_high_throttle_019,feedback_constrained,late_high_throttle,False,True,goal,12.96,14.36195906356086,14.209731783687547,16.982986167905427,0.8846153846153846,0.08100315351343522,0.0,0.08461538461538462
R07,late_high_throttle_019,feedback_hypothetical,late_high_throttle,False,True,goal,13.0,14.402179188272173,14.20725038358574,17.016126666967118,0.823076923076923,0.0927547142670812,0.0,0.1076923076923077
R07,late_high_throttle_019,open_constrained,late_high_throttle,False,False,timeout,,0.425810722708456,0.40800235491198755,48.242787984143405,0.9625,0.016867170836474665,0.0,0.0325
R07,late_high_throttle_019,open_hypothetical,late_high_throttle,False,False,timeout,,0.4405591944549343,0.4074715127290638,48.2840280665826,0.9475,0.020209317676373843,0.0,0.0425
R07,static_000,feedback_constrained,static,False,True,goal,19.36,17.05929868813651,16.984176760368864,18.281794656621358,0.9020618556701031,0.06546664552247088,0.0,0.08247422680412371
R07,static_000,feedback_hypothetical,static,True,False,collision,,9.256534021669822,9.25943194358549,9.269429741790118,0.6086956521739131,0.11235466578681698,0.0,0.44565217391304346
R07,static_000,open_constrained,static,False,False,timeout,,0.6174183382606167,-0.18282458605087015,35.63330552355416,0.9925,0.003387911098492802,0.0,0.0075
R07,static_000,open_hypothetical,static,False,False,timeout,,3.488465994706469,2.289287795900261,35.80260705741562,0.9825,0.004959980187869258,0.0,0.0175
R07,static_001,feedback_constrained,static,False,True,goal,19.86,18.097638088535774,18.023805244228654,19.436631041031095,0.9195979899497487,0.0614170694717605,0.0,0.06532663316582915
R07,static_001,feedback_hypothetical,static,False,True,goal,22.88,18.3657520643046,18.038310879974432,21.94076303759756,0.8296943231441047,0.10595018039788055,0.0,0.27510917030567683
R07,static_001,open_constrained,static,False,False,timeout,,4.863948519454026,3.596111553685766,37.200780355838646,0.9875,0.004449142407906338,0.0,0.0125
R07,static_001,open_hypothetical,static,False,False,timeout,,4.653117247466237,3.465050320833317,37.16374904782493,0.9875,0.004653542120095039,0.0,0.0125
R07,static_002,feedback_constrained,static,False,True,goal,17.96,17.113864154778348,17.037236469527766,18.450711090727193,0.8944444444444445,0.06743543366516687,0.0,0.07777777777777778
R07,static_002,feedback_hypothetical,static,True,False,collision,,9.047897867791898,9.048713984657054,9.050173158467151,0.6097560975609756,0.093989728045935,0.0,0.3902439024390244
R07,static_002,open_constrained,static,False,False,timeout,,1.8952648522629048,1.8893918926996598,38.3744812837012,0.9575,0.017610218494128013,0.0,0.0325
R07,static_002,open_hypothetical,static,False,False,timeout,,5.829466051187732,5.831180815878433,38.00045841372976,0.78,0.09441004006892398,0.0,0.23
R07,static_003,feedback_constrained,static,False,True,goal,17.98,16.9030968067367,16.847734738359158,17.88067841569627,0.9111111111111111,0.06078950872127667,0.0,0.06111111111111111
R07,static_003,feedback_hypothetical,static,True,False,collision,,9.0824216729366,9.078946157615052,9.0925065263722,0.6511627906976745,0.09346103679629181,0.0,0.43023255813953487
R07,static_003,open_constrained,static,False,False,timeout,,2.042837646790792,1.6200466669892393,37.123346343109915,0.9675,0.012862067929152145,0.0,0.0325
R07,static_003,open_hypothetical,static,False,False,timeout,,2.8877463298873325,2.17506347113234,37.18822806932346,0.9275,0.02549257801267888,0.0,0.0675
R07,static_004,feedback_constrained,static,False,True,goal,20.62,18.079845885363365,17.98872930274749,19.579513184259465,0.8985507246376812,0.07298856153328162,0.0,0.07246376811594203
R07,static_004,feedback_hypothetical,static,True,False,collision,,10.082480795736295,10.084478587386458,10.094862801842336,0.7425742574257426,0.06147109288619548,0.0,0.33663366336633666
R07,static_004,open_constrained,static,False,False,timeout,,3.7502323864403175,2.9780238256194558,36.649531464246095,0.9775,0.007644711360087917,0.0,0.0175
R07,static_004,open_hypothetical,static,False,False,timeout,,3.8344966079105403,3.0438431464115254,36.66403384025887,0.9775,0.007208379047089335,0.0,0.02
R07,static_005,feedback_constrained,static,False,True,goal,21.16,18.16320093126277,18.11942377562658,19.115149388051385,0.8820754716981132,0.06717756025130109,0.0,0.08962264150943396
R07,static_005,feedback_hypothetical,static,True,False,collision,,10.517009562983237,10.517226352247365,10.520817357566948,0.6605504587155964,0.08387780564677112,0.0,0.3944954128440367
R07,static_005,open_constrained,static,False,False,timeout,,5.45162470872001,4.022726045474963,34.23582007245562,0.985,0.00613926077417255,0.0,0.015
R07,static_005,open_hypothetical,static,False,False,timeout,,6.260485152449897,4.772141294333059,34.35120819014877,0.98,0.004392366628839287,0.0,0.02
R07,static_006,feedback_constrained,static,False,True,goal,19.18,15.952157241650664,15.892970695501939,16.90854771677911,0.859375,0.08278847086508759,0.0,0.10416666666666667
R07,static_006,feedback_hypothetical,static,True,False,collision,,8.08936597321165,8.090165767191818,8.095494077399538,0.632183908045977,0.09863091870532006,0.0,0.45977011494252873
R07,static_006,open_constrained,static,False,False,timeout,,5.928680752456643,4.236793675583321,33.573293806358215,0.9775,0.007855805373197834,0.0,0.02
R07,static_006,open_hypothetical,static,False,False,timeout,,6.156198413768453,4.657780875227655,33.588968037422056,0.97,0.009559571096360606,0.0,0.0275
R07,static_007,feedback_constrained,static,False,True,goal,15.08,14.640421649004757,14.585497807716,15.877040322984657,0.880794701986755,0.07748528271714886,0.0,0.08609271523178808
R07,static_007,feedback_hypothetical,static,False,True,goal,15.780000000000001,14.850521581065701,14.571792030730286,16.54476134769319,0.7848101265822784,0.12959909036080944,0.0,0.33544303797468356
R07,static_007,open_constrained,static,False,False,timeout,,2.278307392517319,2.2455939712613375,38.822622848135815,0.9525,0.019799424174168818,0.0,0.0375
R07,static_007,open_hypothetical,static,False,False,timeout,,8.4906021515851,3.968774241336856,40.4713152022521,0.8625,0.042729891618424574,0.0,0.15
R07,static_008,feedback_constrained,static,False,True,goal,17.200000000000003,15.908356987473473,15.830930840026078,17.26321444536785,0.877906976744186,0.07509504786834438,0.0,0.09302325581395349
R07,static_008,feedback_hypothetical,static,True,False,collision,,7.817209363140776,7.81719148120583,7.824892291404744,0.64,0.11328696383747575,0.0,0.49333333333333335
R07,static_008,open_constrained,static,False,False,timeout,,1.4056143375411558,1.3925177700837104,38.21425857841991,0.9775,0.008474596589527518,0.0,0.015
R07,static_008,open_hypothetical,static,False,False,timeout,,6.225812242596719,1.5683808945811801,39.05126145826469,0.8875,0.04521817329920315,0.0,0.12
R07,static_009,feedback_constrained,static,False,True,goal,17.96,14.84312637428598,14.801368244297342,15.426975507281602,0.8,0.11201552778082018,0.0,0.15
R07,static_009,feedback_hypothetical,static,True,False,collision,,7.1361593792681575,7.134767110508049,7.139115262485884,0.6666666666666667,0.10894244722659992,0.0,0.4691358024691358
R07,static_009,open_constrained,static,False,False,timeout,,4.070508174483324,2.3510894681178556,32.34859199211181,0.9725,0.012964838831659142,0.0,0.0275
R07,static_009,open_hypothetical,static,False,False,timeout,,6.621948956285672,5.248902538932384,32.52804693420849,0.9075,0.030592651416421365,0.0,0.08
R07,static_010,feedback_constrained,static,False,True,goal,18.3,18.24837213633443,18.14872725298356,19.8334618589442,0.912568306010929,0.06486558691302909,0.0,0.06557377049180328
R07,static_010,feedback_hypothetical,static,True,False,collision,,10.332853069869367,10.335141431193296,10.33670179386266,0.6111111111111112,0.08740814798299362,0.0,0.4111111111111111
R07,static_010,open_constrained,static,False,False,timeout,,4.898049433283892,4.894212207785175,40.92720174518257,0.9925,0.0020355378464710066,0.0,0.005
R07,static_010,open_hypothetical,static,False,False,timeout,,4.922130161030746,4.91424879676641,40.95974682287583,0.9925,0.0011969302702956764,0.0,0.0025
R07,static_011,feedback_constrained,static,False,True,goal,18.42,17.34900048324552,17.256900109918444,18.80750006718484,0.8918918918918919,0.07651826234762178,0.0,0.0918918918918919
R07,static_011,feedback_hypothetical,static,False,True,goal,22.02,17.51813798901293,17.26662199654715,21.480382464866228,0.8190045248868778,0.11900765782815795,0.0,0.248868778280543
R07,static_011,open_constrained,static,False,False,timeout,,2.4361099709460827,2.147297211332056,38.47715045448186,0.9825,0.006724263349306306,0.0,0.015
R07,static_011,open_hypothetical,static,False,False,timeout,,3.039496454284923,2.641519349259152,38.55770162982169,0.97,0.008681733489316935,0.0,0.0275
R07,static_012,feedback_constrained,static,False,True,goal,18.52,16.13217657351442,16.048601141271593,17.620707635391234,0.8870967741935484,0.07802412224415727,0.0,0.06451612903225806
R07,static_012,feedback_hypothetical,static,True,False,collision,,8.335407013268764,8.3357109559156,8.341217205732207,0.5925925925925926,0.1040594879985832,0.0,0.4567901234567901
R07,static_012,open_constrained,static,False,False,timeout,,2.251239861564817,1.4682345529410128,36.17345487460455,0.97,0.010509752815476281,0.0,0.025
R07,static_012,open_hypothetical,static,True,False,collision,,8.377985586253802,8.369954503852373,8.419670891070444,0.5060240963855422,0.2005959584870525,0.0,0.5180722891566265
R07,static_013,feedback_constrained,static,False,True,goal,18.400000000000002,16.451667934240028,16.3598807880762,18.38477790985783,0.9021739130434783,0.08204494151530074,0.0,0.08152173913043478
R07,static_013,feedback_hypothetical,static,True,False,collision,,8.555096316996865,8.555993041450268,8.559237542037348,0.6282051282051282,0.08959854525219581,0.0,0.4358974358974359
R07,static_013,open_constrained,static,False,False,timeout,,1.7612694961513942,1.7494695461374157,38.496722641741954,0.9575,0.01376583381700708,0.0,0.035
R07,static_013,open_hypothetical,static,True,False,collision,,8.568669654455004,8.56715041717362,8.572184356126195,0.5512820512820513,0.12612166328183738,0.0,0.44871794871794873
R07,static_014,feedback_constrained,static,False,True,goal,14.64,15.181453158113328,15.136440678020382,15.96259000391981,0.9115646258503401,0.06198231979083665,0.0,0.08163265306122448
R07,static_014,feedback_hypothetical,static,True,False,collision,,7.433035022643164,7.4353448899593815,7.439881695730537,0.5538461538461539,0.13687942267673092,0.0,0.6
R07,static_014,open_constrained,static,False,False,timeout,,3.5589532290014914,3.533846001719226,39.661210625516674,0.9625,0.01608500492947098,0.0,0.0325
R07,static_014,open_hypothetical,static,True,False,collision,,7.456102300696748,7.457457724549666,7.460943380151704,0.46153846153846156,0.17927539307168935,0.0,0.5538461538461539
R07,static_015,feedback_constrained,static,False,True,goal,17.000000000000004,15.798711276270211,15.728954519189141,16.94330882838529,0.888235294117647,0.07174172339580703,0.0,0.08235294117647059
R07,static_015,feedback_hypothetical,static,True,False,collision,,7.919229066754668,7.919788145935668,7.922218321355749,0.5466666666666666,0.10778322836352561,0.0,0.4666666666666667
R07,static_015,open_constrained,static,False,False,timeout,,0.8647290715380969,0.7758624898045454,37.506309347300714,0.9575,0.014134932324589294,0.0,0.025
R07,static_015,open_hypothetical,static,False,False,timeout,,1.0996232870155929,0.9789138703778519,37.57556434956381,0.9575,0.012694930790174988,0.0,0.0275
R07,static_016,feedback_constrained,static,False,True,goal,17.6,14.966205354971425,14.860538088621626,16.700759158703146,0.8863636363636364,0.08266920509022616,0.0,0.10227272727272728
R07,static_016,feedback_hypothetical,static,False,True,goal,21.86,15.095697644826645,14.85394161525328,19.69997342769697,0.812785388127854,0.1355859692972434,0.0,0.2694063926940639
R07,static_016,open_constrained,static,False,False,timeout,,0.9398955278408998,0.2988135677787227,36.545178711092305,0.9775,0.00924735087576835,0.0,0.0225
R07,static_016,open_hypothetical,static,False,False,timeout,,0.8797956691012887,0.3579008052502335,36.489922715574174,0.95,0.014540775459908293,0.0,0.045
R07,static_017,feedback_constrained,static,False,True,goal,18.02,14.929920960217913,14.878650390777056,15.93379220545532,0.9005524861878453,0.07067548388874273,0.0,0.09392265193370165
R07,static_017,feedback_hypothetical,static,False,True,goal,23.76,15.173297956135517,14.868549894974482,19.843086286560965,0.8277310924369747,0.13134153852161348,0.0,0.25630252100840334
R07,static_017,open_constrained,static,False,False,timeout,,2.7082170247520976,1.5687595430242354,33.86679712712202,0.9475,0.021933844662263925,0.0,0.05
R07,static_017,open_hypothetical,static,False,False,timeout,,2.684203686526831,1.6617735617732787,33.78442706293473,0.9125,0.02880652160021722,0.0,0.0775
R07,static_018,feedback_constrained,static,False,True,goal,18.04,16.455026024085782,16.351333848921428,18.197524904075216,0.8839779005524862,0.07875309102765791,0.0,0.07734806629834254
R07,static_018,feedback_hypothetical,static,True,False,collision,,8.485858761425852,8.486278480409867,8.486807064743553,0.6075949367088608,0.07802636398879761,0.0,0.43037974683544306
R07,static_018,open_constrained,static,False,False,timeout,,2.035208125280235,2.0238530892886786,38.5152187300228,0.96,0.018306800351849756,0.0,0.04
R07,static_018,open_hypothetical,static,False,False,timeout,,2.312573492447563,1.4666683296503393,39.22387014085106,0.9175,0.03036800685986384,0.0,0.0725
R07,static_019,feedback_constrained,static,False,True,goal,21.52,17.362756562048407,17.282580087674308,18.840250755786172,0.9074074074074074,0.06815284224062601,0.0,0.07407407407407407
R07,static_019,feedback_hypothetical,static,True,False,collision,,9.440801456704238,9.441074391262314,9.44270848006977,0.7156862745098039,0.07893232788119886,0.0,0.3627450980392157
R07,static_019,open_constrained,static,False,False,timeout,,7.282179717761601,6.003437139346765,33.7378489004037,0.96,0.01604313225809201,0.0,0.0325
R07,static_019,open_hypothetical,static,False,False,timeout,,8.330561501040519,7.045846860883286,33.90938132546113,0.965,0.01114071918213311,0.0,0.03
